country_region_code,country_region,sub_region_1,sub_region_2,metro_area,iso_3166_2_code,census_fips_code,place_id,date,retail_and_recreation_percent_change_from_baseline,grocery_and_pharmacy_percent_change_from_baseline,parks_percent_change_from_baseline,transit_stations_percent_change_from_baseline,workplaces_percent_change_from_baseline,residential_percent_change_from_baseline
LI,Liechtenstein,,,,,,ChIJ_S9HHUQxm0cRibFa3Ta16mA,2021-01-01,,,,-56,-87,
LI,Liechtenstein,,,,,,ChIJ_S9HHUQxm0cRibFa3Ta16mA,2021-01-02,,,,-31,,
LI,Liechtenstein,,,,,,ChIJ_S9HHUQxm0cRibFa3Ta16mA,2021-01-03,,,,-39,,
LI,Liechtenstein,,,,,,ChIJ_S9HHUQxm0cRibFa3Ta16mA,2021-01-04,,,,-31,-48,
LI,Liechtenstein,,,,,,ChIJ_S9HHUQxm0cRibFa3Ta16mA,2021-01-05,,,,-42,-48,
LI,Liechtenstein,,,,,,ChIJ_S9HHUQxm0cRibFa3Ta16mA,2021-01-06,,,,-59,-69,
LI,Liechtenstein,,,,,,ChIJ_S9HHUQxm0cRibFa3Ta16mA,2021-01-07,,,,-34,-36,
LI,Liechtenstein,,,,,,ChIJ_S9HHUQxm0cRibFa3Ta16mA,2021-01-08,,,,-36,-35,
LI,Liechtenstein,,,,,,ChIJ_S9HHUQxm0cRibFa3Ta16mA,2021-01-09,,,,-21,,
LI,Liechtenstein,,,,,,ChIJ_S9HHUQxm0cRibFa3Ta16mA,2021-01-10,,,,-23,,
LI,Liechtenstein,,,,,,ChIJ_S9HHUQxm0cRibFa3Ta16mA,2021-01-11,,,,-24,-18,
LI,Liechtenstein,,,,,,ChIJ_S9HHUQxm0cRibFa3Ta16mA,2021-01-12,,,,-37,-19,
LI,Liechtenstein,,,,,,ChIJ_S9HHUQxm0cRibFa3Ta16mA,2021-01-13,,,,-34,-17,
LI,Liechtenstein,,,,,,ChIJ_S9HHUQxm0cRibFa3Ta16mA,2021-01-14,,,,-15,-22,
LI,Liechtenstein,,,,,,ChIJ_S9HHUQxm0cRibFa3Ta16mA,2021-01-15,-52,,,-10,-26,
LI,Liechtenstein,,,,,,ChIJ_S9HHUQxm0cRibFa3Ta16mA,2021-01-16,-54,,,-24,,
LI,Liechtenstein,,,,,,ChIJ_S9HHUQxm0cRibFa3Ta16mA,2021-01-17,,,,-47,,
LI,Liechtenstein,,,,,,ChIJ_S9HHUQxm0cRibFa3Ta16mA,2021-01-18,,,,-15,-26,
LI,Liechtenstein,,,,,,ChIJ_S9HHUQxm0cRibFa3Ta16mA,2021-01-19,,,,-30,-21,
LI,Liechtenstein,,,,,,ChIJ_S9HHUQxm0cRibFa3Ta16mA,2021-01-20,,,,-37,-22,
LI,Liechtenstein,,,,,,ChIJ_S9HHUQxm0cRibFa3Ta16mA,2021-01-21,,,,-37,-20,
LI,Liechtenstein,,,,,,ChIJ_S9HHUQxm0cRibFa3Ta16mA,2021-01-22,,,,-29,-20,
LI,Liechtenstein,,,,,,ChIJ_S9HHUQxm0cRibFa3Ta16mA,2021-01-23,-47,,,-29,,
LI,Liechtenstein,,,,,,ChIJ_S9HHUQxm0cRibFa3Ta16mA,2021-01-24,,,,-20,,
LI,Liechtenstein,,,,,,ChIJ_S9HHUQxm0cRibFa3Ta16mA,2021-01-25,,,,-33,-24,
LI,Liechtenstein,,,,,,ChIJ_S9HHUQxm0cRibFa3Ta16mA,2021-01-26,,,,-32,-20,
LI,Liechtenstein,,,,,,ChIJ_S9HHUQxm0cRibFa3Ta16mA,2021-01-27,,,,-34,-20,
LI,Liechtenstein,,,,,,ChIJ_S9HHUQxm0cRibFa3Ta16mA,2021-01-28,,,,-35,-24,
LI,Liechtenstein,,,,,,ChIJ_S9HHUQxm0cRibFa3Ta16mA,2021-01-29,-48,,,-31,-18,
LI,Liechtenstein,,,,,,ChIJ_S9HHUQxm0cRibFa3Ta16mA,2021-01-30,,,,-45,,
LI,Liechtenstein,,,,,,ChIJ_S9HHUQxm0cRibFa3Ta16mA,2021-01-31,,,,-40,,
LI,Liechtenstein,,,,,,ChIJ_S9HHUQxm0cRibFa3Ta16mA,2021-02-01,,,,-26,-45,
LI,Liechtenstein,,,,,,ChIJ_S9HHUQxm0cRibFa3Ta16mA,2021-02-02,,,,-58,-66,
LI,Liechtenstein,,,,,,ChIJ_S9HHUQxm0cRibFa3Ta16mA,2021-02-03,,,,-29,-19,
LI,Liechtenstein,,,,,,ChIJ_S9HHUQxm0cRibFa3Ta16mA,2021-02-04,,,,-19,-18,
LI,Liechtenstein,,,,,,ChIJ_S9HHUQxm0cRibFa3Ta16mA,2021-02-05,-40,,,-17,-18,
LI,Liechtenstein,,,,,,ChIJ_S9HHUQxm0cRibFa3Ta16mA,2021-02-06,-46,,,-21,,
LI,Liechtenstein,,,,,,ChIJ_S9HHUQxm0cRibFa3Ta16mA,2021-02-07,,,,-55,,
LI,Liechtenstein,,,,,,ChIJ_S9HHUQxm0cRibFa3Ta16mA,2021-02-08,,,,-15,-23,
LI,Liechtenstein,,,,,,ChIJ_S9HHUQxm0cRibFa3Ta16mA,2021-02-09,,,,-28,-20,
LI,Liechtenstein,,,,,,ChIJ_S9HHUQxm0cRibFa3Ta16mA,2021-02-10,,,,-39,-19,
LI,Liechtenstein,,,,,,ChIJ_S9HHUQxm0cRibFa3Ta16mA,2021-02-11,,,,-27,-19,
LI,Liechtenstein,,,,,,ChIJ_S9HHUQxm0cRibFa3Ta16mA,2021-02-12,-47,,,-23,-17,
LI,Liechtenstein,,,,,,ChIJ_S9HHUQxm0cRibFa3Ta16mA,2021-02-13,-52,,,-26,,
LI,Liechtenstein,,,,,,ChIJ_S9HHUQxm0cRibFa3Ta16mA,2021-02-14,,,,-9,,
LI,Liechtenstein,,,,,,ChIJ_S9HHUQxm0cRibFa3Ta16mA,2021-02-15,,,,-22,-36,
LI,Liechtenstein,,,,,,ChIJ_S9HHUQxm0cRibFa3Ta16mA,2021-02-16,,,,-39,-42,
LI,Liechtenstein,,,,,,ChIJ_S9HHUQxm0cRibFa3Ta16mA,2021-02-17,,,,-31,-24,
LI,Liechtenstein,,,,,,ChIJ_S9HHUQxm0cRibFa3Ta16mA,2021-02-18,,,,-26,-24,
LI,Liechtenstein,,,,,,ChIJ_S9HHUQxm0cRibFa3Ta16mA,2021-02-19,-40,,,-24,-25,
LI,Liechtenstein,,,,,,ChIJ_S9HHUQxm0cRibFa3Ta16mA,2021-02-20,-41,,,-9,,
LI,Liechtenstein,,,,,,ChIJ_S9HHUQxm0cRibFa3Ta16mA,2021-02-21,,,,-9,,
LI,Liechtenstein,,,,,,ChIJ_S9HHUQxm0cRibFa3Ta16mA,2021-02-22,,,,-14,-19,
LI,Liechtenstein,,,,,,ChIJ_S9HHUQxm0cRibFa3Ta16mA,2021-02-23,,,,-22,-18,
LI,Liechtenstein,,,,,,ChIJ_S9HHUQxm0cRibFa3Ta16mA,2021-02-24,,,,-28,-17,
LI,Liechtenstein,,,,,,ChIJ_S9HHUQxm0cRibFa3Ta16mA,2021-02-25,,,,-16,-16,
LI,Liechtenstein,,,,,,ChIJ_S9HHUQxm0cRibFa3Ta16mA,2021-02-26,-36,,,-10,-17,
LI,Liechtenstein,,,,,,ChIJ_S9HHUQxm0cRibFa3Ta16mA,2021-02-27,-52,,,-27,,
LI,Liechtenstein,,,,,,ChIJ_S9HHUQxm0cRibFa3Ta16mA,2021-02-28,,,,-16,,
LI,Liechtenstein,,,,,,ChIJ_S9HHUQxm0cRibFa3Ta16mA,2021-03-01,,,,-14,-18,
LI,Liechtenstein,,,,,,ChIJ_S9HHUQxm0cRibFa3Ta16mA,2021-03-02,,,,-19,-16,
LI,Liechtenstein,,,,,,ChIJ_S9HHUQxm0cRibFa3Ta16mA,2021-03-03,,,,-25,-15,
LI,Liechtenstein,,,,,,ChIJ_S9HHUQxm0cRibFa3Ta16mA,2021-03-04,,,,-19,-15,
LI,Liechtenstein,,,,,,ChIJ_S9HHUQxm0cRibFa3Ta16mA,2021-03-05,-42,,,-25,-16,
LI,Liechtenstein,,,,,,ChIJ_S9HHUQxm0cRibFa3Ta16mA,2021-03-06,-47,,,-15,,
LI,Liechtenstein,,,,,,ChIJ_S9HHUQxm0cRibFa3Ta16mA,2021-03-07,,,,-40,,
LI,Liechtenstein,,,,,,ChIJ_S9HHUQxm0cRibFa3Ta16mA,2021-03-08,,,,-15,-18,
LI,Liechtenstein,,,,,,ChIJ_S9HHUQxm0cRibFa3Ta16mA,2021-03-09,,,,-26,-17,
LI,Liechtenstein,,,,,,ChIJ_S9HHUQxm0cRibFa3Ta16mA,2021-03-10,,,,-23,-14,
LI,Liechtenstein,,,,,,ChIJ_S9HHUQxm0cRibFa3Ta16mA,2021-03-11,,,,-25,-13,
LI,Liechtenstein,,,,,,ChIJ_S9HHUQxm0cRibFa3Ta16mA,2021-03-12,-40,,,-17,-14,
LI,Liechtenstein,,,,,,ChIJ_S9HHUQxm0cRibFa3Ta16mA,2021-03-13,-47,,,-13,,
LI,Liechtenstein,,,,,,ChIJ_S9HHUQxm0cRibFa3Ta16mA,2021-03-14,,,,-57,,
LI,Liechtenstein,,,,,,ChIJ_S9HHUQxm0cRibFa3Ta16mA,2021-03-15,,,,-20,-17,
LI,Liechtenstein,,,,,,ChIJ_S9HHUQxm0cRibFa3Ta16mA,2021-03-16,,,,-30,-13,
LI,Liechtenstein,,,,,,ChIJ_S9HHUQxm0cRibFa3Ta16mA,2021-03-17,,,,-35,-14,
LI,Liechtenstein,,,,,,ChIJ_S9HHUQxm0cRibFa3Ta16mA,2021-03-18,,,,-23,-13,
LI,Liechtenstein,,,,,,ChIJ_S9HHUQxm0cRibFa3Ta16mA,2021-03-19,-61,,,-48,-60,
LI,Liechtenstein,,,,,,ChIJ_S9HHUQxm0cRibFa3Ta16mA,2021-03-20,-46,,,-31,,
LI,Liechtenstein,,,,,,ChIJ_S9HHUQxm0cRibFa3Ta16mA,2021-03-21,,,,-44,,
LI,Liechtenstein,,,,,,ChIJ_S9HHUQxm0cRibFa3Ta16mA,2021-03-22,,,,-25,-17,
LI,Liechtenstein,,,,,,ChIJ_S9HHUQxm0cRibFa3Ta16mA,2021-03-23,,,,-22,-15,
LI,Liechtenstein,,,,,,ChIJ_S9HHUQxm0cRibFa3Ta16mA,2021-03-24,,,,-22,-15,
LI,Liechtenstein,,,,,,ChIJ_S9HHUQxm0cRibFa3Ta16mA,2021-03-25,,,,-16,-15,
LI,Liechtenstein,,,,,,ChIJ_S9HHUQxm0cRibFa3Ta16mA,2021-03-26,-26,,,-11,-13,
LI,Liechtenstein,,,,,,ChIJ_S9HHUQxm0cRibFa3Ta16mA,2021-03-27,-42,,,-23,,
LI,Liechtenstein,,,,,,ChIJ_S9HHUQxm0cRibFa3Ta16mA,2021-03-28,,,,-15,,
LI,Liechtenstein,,,,,,ChIJ_S9HHUQxm0cRibFa3Ta16mA,2021-03-29,,,,-8,-16,
LI,Liechtenstein,,,,,,ChIJ_S9HHUQxm0cRibFa3Ta16mA,2021-03-30,,,,-15,-15,
LI,Liechtenstein,,,,,,ChIJ_S9HHUQxm0cRibFa3Ta16mA,2021-03-31,,,,-20,-19,
LI,Liechtenstein,,,,,,ChIJ_S9HHUQxm0cRibFa3Ta16mA,2021-04-01,,,,-10,-19,
LI,Liechtenstein,,,,,,ChIJ_S9HHUQxm0cRibFa3Ta16mA,2021-04-02,-42,,,-36,-73,
LI,Liechtenstein,,,,,,ChIJ_S9HHUQxm0cRibFa3Ta16mA,2021-04-03,-41,,,-20,,
LI,Liechtenstein,,,,,,ChIJ_S9HHUQxm0cRibFa3Ta16mA,2021-04-04,,,,-28,,
LI,Liechtenstein,,,,,,ChIJ_S9HHUQxm0cRibFa3Ta16mA,2021-04-05,,,,-57,-84,
LI,Liechtenstein,,,,,,ChIJ_S9HHUQxm0cRibFa3Ta16mA,2021-04-06,,,,-29,-27,
LI,Liechtenstein,,,,,,ChIJ_S9HHUQxm0cRibFa3Ta16mA,2021-04-07,,,,-31,-26,
LI,Liechtenstein,,,,,,ChIJ_S9HHUQxm0cRibFa3Ta16mA,2021-04-08,,,,-25,-23,
LI,Liechtenstein,,,,,,ChIJ_S9HHUQxm0cRibFa3Ta16mA,2021-04-09,-30,,,-13,-22,
LI,Liechtenstein,,,,,,ChIJ_S9HHUQxm0cRibFa3Ta16mA,2021-04-10,,,,-22,,
LI,Liechtenstein,,,,,,ChIJ_S9HHUQxm0cRibFa3Ta16mA,2021-04-11,,,,-30,,
LI,Liechtenstein,,,,,,ChIJ_S9HHUQxm0cRibFa3Ta16mA,2021-04-12,,,,-31,-26,
LI,Liechtenstein,,,,,,ChIJ_S9HHUQxm0cRibFa3Ta16mA,2021-04-13,,,,-34,-24,
LI,Liechtenstein,,,,,,ChIJ_S9HHUQxm0cRibFa3Ta16mA,2021-04-14,,,,-31,-22,
LI,Liechtenstein,,,,,,ChIJ_S9HHUQxm0cRibFa3Ta16mA,2021-04-15,,,,-27,-21,
LI,Liechtenstein,,,,,,ChIJ_S9HHUQxm0cRibFa3Ta16mA,2021-04-16,-30,,,-25,-24,
LI,Liechtenstein,,,,,,ChIJ_S9HHUQxm0cRibFa3Ta16mA,2021-04-17,-41,,,-43,,
LI,Liechtenstein,,,,,,ChIJ_S9HHUQxm0cRibFa3Ta16mA,2021-04-18,,,,-56,,
LI,Liechtenstein,,,,,,ChIJ_S9HHUQxm0cRibFa3Ta16mA,2021-04-19,,,,-14,-17,
LI,Liechtenstein,,,,,,ChIJ_S9HHUQxm0cRibFa3Ta16mA,2021-04-20,,,,-16,-13,
LI,Liechtenstein,,,,,,ChIJ_S9HHUQxm0cRibFa3Ta16mA,2021-04-21,,,,-24,-12,
LI,Liechtenstein,,,,,,ChIJ_S9HHUQxm0cRibFa3Ta16mA,2021-04-22,,,,-27,-12,
LI,Liechtenstein,,,,,,ChIJ_S9HHUQxm0cRibFa3Ta16mA,2021-04-23,,,,-15,-13,
LI,Liechtenstein,,,,,,ChIJ_S9HHUQxm0cRibFa3Ta16mA,2021-04-24,-40,,,-29,,
LI,Liechtenstein,,,,,,ChIJ_S9HHUQxm0cRibFa3Ta16mA,2021-04-25,,,,-32,,
