country_region_code,country_region,sub_region_1,sub_region_2,metro_area,iso_3166_2_code,census_fips_code,place_id,date,retail_and_recreation_percent_change_from_baseline,grocery_and_pharmacy_percent_change_from_baseline,parks_percent_change_from_baseline,transit_stations_percent_change_from_baseline,workplaces_percent_change_from_baseline,residential_percent_change_from_baseline
TJ,Tajikistan,,,,,,ChIJzbO8enN2sTgRtYgZT4QxwyU,2021-01-01,-39,-33,-33,-44,-67,23
TJ,Tajikistan,,,,,,ChIJzbO8enN2sTgRtYgZT4QxwyU,2021-01-02,-21,-16,-25,-30,-33,17
TJ,Tajikistan,,,,,,ChIJzbO8enN2sTgRtYgZT4QxwyU,2021-01-03,-12,-13,-16,-19,-20,12
TJ,Tajikistan,,,,,,ChIJzbO8enN2sTgRtYgZT4QxwyU,2021-01-04,-7,-1,-16,-22,-13,11
TJ,Tajikistan,,,,,,ChIJzbO8enN2sTgRtYgZT4QxwyU,2021-01-05,-10,-3,-19,-22,-14,10
TJ,Tajikistan,,,,,,ChIJzbO8enN2sTgRtYgZT4QxwyU,2021-01-06,-11,-1,-24,-25,-12,11
TJ,Tajikistan,,,,,,ChIJzbO8enN2sTgRtYgZT4QxwyU,2021-01-07,-11,-6,-25,-26,-14,12
TJ,Tajikistan,,,,,,ChIJzbO8enN2sTgRtYgZT4QxwyU,2021-01-08,-8,-4,-25,-23,-12,11
TJ,Tajikistan,,,,,,ChIJzbO8enN2sTgRtYgZT4QxwyU,2021-01-09,-5,-3,-25,-24,-10,10
TJ,Tajikistan,,,,,,ChIJzbO8enN2sTgRtYgZT4QxwyU,2021-01-10,-2,-4,-20,-22,-13,8
TJ,Tajikistan,,,,,,ChIJzbO8enN2sTgRtYgZT4QxwyU,2021-01-11,-4,-4,-17,-22,-7,7
TJ,Tajikistan,,,,,,ChIJzbO8enN2sTgRtYgZT4QxwyU,2021-01-12,-8,-4,-21,-22,-10,5
TJ,Tajikistan,,,,,,ChIJzbO8enN2sTgRtYgZT4QxwyU,2021-01-13,-11,-8,-26,-26,-11,5
TJ,Tajikistan,,,,,,ChIJzbO8enN2sTgRtYgZT4QxwyU,2021-01-14,-15,-16,-32,-28,-19,4
TJ,Tajikistan,,,,,,ChIJzbO8enN2sTgRtYgZT4QxwyU,2021-01-15,-16,-18,-32,-28,-20,3
TJ,Tajikistan,,,,,,ChIJzbO8enN2sTgRtYgZT4QxwyU,2021-01-16,-18,-19,-34,-33,-22,4
TJ,Tajikistan,,,,,,ChIJzbO8enN2sTgRtYgZT4QxwyU,2021-01-17,-15,-19,-31,-30,-26,4
TJ,Tajikistan,,,,,,ChIJzbO8enN2sTgRtYgZT4QxwyU,2021-01-18,-17,-18,-30,-29,-21,5
TJ,Tajikistan,,,,,,ChIJzbO8enN2sTgRtYgZT4QxwyU,2021-01-19,-17,-16,-33,-28,-19,4
TJ,Tajikistan,,,,,,ChIJzbO8enN2sTgRtYgZT4QxwyU,2021-01-20,-17,-13,-31,-29,-18,5
TJ,Tajikistan,,,,,,ChIJzbO8enN2sTgRtYgZT4QxwyU,2021-01-21,-16,-16,-30,-28,-18,4
TJ,Tajikistan,,,,,,ChIJzbO8enN2sTgRtYgZT4QxwyU,2021-01-22,-29,-31,-39,-39,-24,10
TJ,Tajikistan,,,,,,ChIJzbO8enN2sTgRtYgZT4QxwyU,2021-01-23,-21,-19,-38,-33,-19,11
TJ,Tajikistan,,,,,,ChIJzbO8enN2sTgRtYgZT4QxwyU,2021-01-24,-16,-15,-33,-26,-23,9
TJ,Tajikistan,,,,,,ChIJzbO8enN2sTgRtYgZT4QxwyU,2021-01-25,-14,-12,-26,-25,-11,6
TJ,Tajikistan,,,,,,ChIJzbO8enN2sTgRtYgZT4QxwyU,2021-01-26,-15,-12,-29,-26,-8,4
TJ,Tajikistan,,,,,,ChIJzbO8enN2sTgRtYgZT4QxwyU,2021-01-27,-15,-9,-31,-25,-8,5
TJ,Tajikistan,,,,,,ChIJzbO8enN2sTgRtYgZT4QxwyU,2021-01-28,-15,-12,-30,-22,-9,4
TJ,Tajikistan,,,,,,ChIJzbO8enN2sTgRtYgZT4QxwyU,2021-01-29,-13,-11,-33,-22,-8,3
TJ,Tajikistan,,,,,,ChIJzbO8enN2sTgRtYgZT4QxwyU,2021-01-30,-13,-9,-31,-23,-9,2
TJ,Tajikistan,,,,,,ChIJzbO8enN2sTgRtYgZT4QxwyU,2021-01-31,-13,-10,-31,-20,-24,4
TJ,Tajikistan,,,,,,ChIJzbO8enN2sTgRtYgZT4QxwyU,2021-02-01,-12,-9,-27,-18,-9,-1
TJ,Tajikistan,,,,,,ChIJzbO8enN2sTgRtYgZT4QxwyU,2021-02-02,-11,-7,-27,-21,-8,-2
TJ,Tajikistan,,,,,,ChIJzbO8enN2sTgRtYgZT4QxwyU,2021-02-03,-15,-9,-28,-24,-9,1
TJ,Tajikistan,,,,,,ChIJzbO8enN2sTgRtYgZT4QxwyU,2021-02-04,-17,-15,-26,-25,-13,1
TJ,Tajikistan,,,,,,ChIJzbO8enN2sTgRtYgZT4QxwyU,2021-02-05,-14,-13,-26,-24,-11,0
TJ,Tajikistan,,,,,,ChIJzbO8enN2sTgRtYgZT4QxwyU,2021-02-06,-14,-11,-26,-27,-11,1
TJ,Tajikistan,,,,,,ChIJzbO8enN2sTgRtYgZT4QxwyU,2021-02-07,-14,-14,-24,-26,-27,2
TJ,Tajikistan,,,,,,ChIJzbO8enN2sTgRtYgZT4QxwyU,2021-02-08,-13,-10,-22,-23,-9,-1
TJ,Tajikistan,,,,,,ChIJzbO8enN2sTgRtYgZT4QxwyU,2021-02-09,-13,-6,-24,-23,-7,-1
TJ,Tajikistan,,,,,,ChIJzbO8enN2sTgRtYgZT4QxwyU,2021-02-10,-14,-8,-27,-25,-7,1
TJ,Tajikistan,,,,,,ChIJzbO8enN2sTgRtYgZT4QxwyU,2021-02-11,-13,-9,-28,-25,-8,-1
TJ,Tajikistan,,,,,,ChIJzbO8enN2sTgRtYgZT4QxwyU,2021-02-12,-12,-8,-27,-24,-7,-2
TJ,Tajikistan,,,,,,ChIJzbO8enN2sTgRtYgZT4QxwyU,2021-02-13,-11,-7,-29,-27,-10,-2
TJ,Tajikistan,,,,,,ChIJzbO8enN2sTgRtYgZT4QxwyU,2021-02-14,-8,-5,-23,-24,-24,-1
TJ,Tajikistan,,,,,,ChIJzbO8enN2sTgRtYgZT4QxwyU,2021-02-15,-10,-6,-25,-27,-7,-3
TJ,Tajikistan,,,,,,ChIJzbO8enN2sTgRtYgZT4QxwyU,2021-02-16,-11,-5,-28,-25,-6,-4
TJ,Tajikistan,,,,,,ChIJzbO8enN2sTgRtYgZT4QxwyU,2021-02-17,-12,-3,-31,-22,-5,-2
TJ,Tajikistan,,,,,,ChIJzbO8enN2sTgRtYgZT4QxwyU,2021-02-18,-13,-6,-30,-25,-5,-2
TJ,Tajikistan,,,,,,ChIJzbO8enN2sTgRtYgZT4QxwyU,2021-02-19,-11,-6,-30,-22,-4,-2
TJ,Tajikistan,,,,,,ChIJzbO8enN2sTgRtYgZT4QxwyU,2021-02-20,-8,-2,-33,-29,-5,0
TJ,Tajikistan,,,,,,ChIJzbO8enN2sTgRtYgZT4QxwyU,2021-02-21,-10,-3,-30,-27,-23,1
TJ,Tajikistan,,,,,,ChIJzbO8enN2sTgRtYgZT4QxwyU,2021-02-22,-10,-1,-30,-26,-3,-1
TJ,Tajikistan,,,,,,ChIJzbO8enN2sTgRtYgZT4QxwyU,2021-02-23,-2,2,-25,-23,-2,-4
TJ,Tajikistan,,,,,,ChIJzbO8enN2sTgRtYgZT4QxwyU,2021-02-24,-19,-9,-37,-31,-4,2
TJ,Tajikistan,,,,,,ChIJzbO8enN2sTgRtYgZT4QxwyU,2021-02-25,-21,-16,-41,-32,-7,3
TJ,Tajikistan,,,,,,ChIJzbO8enN2sTgRtYgZT4QxwyU,2021-02-26,-16,-10,-35,-27,-4,1
TJ,Tajikistan,,,,,,ChIJzbO8enN2sTgRtYgZT4QxwyU,2021-02-27,-11,-4,-34,-30,-4,2
TJ,Tajikistan,,,,,,ChIJzbO8enN2sTgRtYgZT4QxwyU,2021-02-28,-7,-1,-27,-26,-19,1
TJ,Tajikistan,,,,,,ChIJzbO8enN2sTgRtYgZT4QxwyU,2021-03-01,-9,0,-26,-23,-3,-4
TJ,Tajikistan,,,,,,ChIJzbO8enN2sTgRtYgZT4QxwyU,2021-03-02,-8,0,-27,-24,-2,-5
TJ,Tajikistan,,,,,,ChIJzbO8enN2sTgRtYgZT4QxwyU,2021-03-03,-9,2,-28,-23,-2,-2
TJ,Tajikistan,,,,,,ChIJzbO8enN2sTgRtYgZT4QxwyU,2021-03-04,-7,2,-27,-21,-3,-2
TJ,Tajikistan,,,,,,ChIJzbO8enN2sTgRtYgZT4QxwyU,2021-03-05,-5,1,-23,-18,-2,-3
TJ,Tajikistan,,,,,,ChIJzbO8enN2sTgRtYgZT4QxwyU,2021-03-06,-4,6,-28,-23,-7,-2
TJ,Tajikistan,,,,,,ChIJzbO8enN2sTgRtYgZT4QxwyU,2021-03-07,-2,5,-25,-21,-20,0
TJ,Tajikistan,,,,,,ChIJzbO8enN2sTgRtYgZT4QxwyU,2021-03-08,-7,2,-23,-28,-51,5
TJ,Tajikistan,,,,,,ChIJzbO8enN2sTgRtYgZT4QxwyU,2021-03-09,-7,1,-24,-23,-2,-5
TJ,Tajikistan,,,,,,ChIJzbO8enN2sTgRtYgZT4QxwyU,2021-03-10,-10,1,-30,-24,-3,0
TJ,Tajikistan,,,,,,ChIJzbO8enN2sTgRtYgZT4QxwyU,2021-03-11,-9,0,-30,-21,-3,0
TJ,Tajikistan,,,,,,ChIJzbO8enN2sTgRtYgZT4QxwyU,2021-03-12,-8,-4,-26,-22,-2,-1
TJ,Tajikistan,,,,,,ChIJzbO8enN2sTgRtYgZT4QxwyU,2021-03-13,-9,0,-29,-29,-3,0
TJ,Tajikistan,,,,,,ChIJzbO8enN2sTgRtYgZT4QxwyU,2021-03-14,-18,-12,-35,-33,-26,6
TJ,Tajikistan,,,,,,ChIJzbO8enN2sTgRtYgZT4QxwyU,2021-03-15,-8,-1,-26,-26,-2,0
TJ,Tajikistan,,,,,,ChIJzbO8enN2sTgRtYgZT4QxwyU,2021-03-16,-7,2,-26,-22,-1,-2
TJ,Tajikistan,,,,,,ChIJzbO8enN2sTgRtYgZT4QxwyU,2021-03-17,-8,2,-24,-22,0,-1
TJ,Tajikistan,,,,,,ChIJzbO8enN2sTgRtYgZT4QxwyU,2021-03-18,-5,3,-24,-17,-4,-3
TJ,Tajikistan,,,,,,ChIJzbO8enN2sTgRtYgZT4QxwyU,2021-03-19,-5,4,-27,-17,-3,-3
TJ,Tajikistan,,,,,,ChIJzbO8enN2sTgRtYgZT4QxwyU,2021-03-20,-6,3,-27,-21,-12,-2
TJ,Tajikistan,,,,,,ChIJzbO8enN2sTgRtYgZT4QxwyU,2021-03-21,-5,-2,1,-16,-29,-2
TJ,Tajikistan,,,,,,ChIJzbO8enN2sTgRtYgZT4QxwyU,2021-03-22,-19,-12,-15,-32,-53,6
TJ,Tajikistan,,,,,,ChIJzbO8enN2sTgRtYgZT4QxwyU,2021-03-23,-23,-14,-32,-32,-48,4
TJ,Tajikistan,,,,,,ChIJzbO8enN2sTgRtYgZT4QxwyU,2021-03-24,-16,-8,-27,-28,-42,3
TJ,Tajikistan,,,,,,ChIJzbO8enN2sTgRtYgZT4QxwyU,2021-03-25,-15,-6,-29,-25,-39,3
TJ,Tajikistan,,,,,,ChIJzbO8enN2sTgRtYgZT4QxwyU,2021-03-26,-9,0,-29,-21,-13,0
TJ,Tajikistan,,,,,,ChIJzbO8enN2sTgRtYgZT4QxwyU,2021-03-27,-16,-6,-34,-31,-14,3
TJ,Tajikistan,,,,,,ChIJzbO8enN2sTgRtYgZT4QxwyU,2021-03-28,-16,-9,-34,-26,-23,4
TJ,Tajikistan,,,,,,ChIJzbO8enN2sTgRtYgZT4QxwyU,2021-03-29,-10,-1,-27,-23,-7,-1
TJ,Tajikistan,,,,,,ChIJzbO8enN2sTgRtYgZT4QxwyU,2021-03-30,-5,4,-22,-19,-5,-3
TJ,Tajikistan,,,,,,ChIJzbO8enN2sTgRtYgZT4QxwyU,2021-03-31,-9,6,-28,-20,-5,-2
TJ,Tajikistan,,,,,,ChIJzbO8enN2sTgRtYgZT4QxwyU,2021-04-01,-8,3,-29,-20,-3,-2
TJ,Tajikistan,,,,,,ChIJzbO8enN2sTgRtYgZT4QxwyU,2021-04-02,-5,4,-22,-17,-1,-3
TJ,Tajikistan,,,,,,ChIJzbO8enN2sTgRtYgZT4QxwyU,2021-04-03,-3,5,-20,-22,-3,-2
TJ,Tajikistan,,,,,,ChIJzbO8enN2sTgRtYgZT4QxwyU,2021-04-04,-15,-5,-34,-28,-23,4
TJ,Tajikistan,,,,,,ChIJzbO8enN2sTgRtYgZT4QxwyU,2021-04-05,-2,11,-17,-19,1,-3
TJ,Tajikistan,,,,,,ChIJzbO8enN2sTgRtYgZT4QxwyU,2021-04-06,-3,7,-21,-17,1,-4
TJ,Tajikistan,,,,,,ChIJzbO8enN2sTgRtYgZT4QxwyU,2021-04-07,-7,6,-22,-17,-2,-2
TJ,Tajikistan,,,,,,ChIJzbO8enN2sTgRtYgZT4QxwyU,2021-04-08,-5,4,-23,-15,-3,-2
TJ,Tajikistan,,,,,,ChIJzbO8enN2sTgRtYgZT4QxwyU,2021-04-09,-5,3,-22,-9,-2,-2
TJ,Tajikistan,,,,,,ChIJzbO8enN2sTgRtYgZT4QxwyU,2021-04-10,-4,5,-22,-16,-6,-2
TJ,Tajikistan,,,,,,ChIJzbO8enN2sTgRtYgZT4QxwyU,2021-04-11,-2,5,-18,-18,-22,-2
TJ,Tajikistan,,,,,,ChIJzbO8enN2sTgRtYgZT4QxwyU,2021-04-12,1,16,-19,-11,1,-4
TJ,Tajikistan,,,,,,ChIJzbO8enN2sTgRtYgZT4QxwyU,2021-04-13,-18,3,-33,-19,-1,1
TJ,Tajikistan,,,,,,ChIJzbO8enN2sTgRtYgZT4QxwyU,2021-04-14,-16,3,-30,-20,-2,2
TJ,Tajikistan,,,,,,ChIJzbO8enN2sTgRtYgZT4QxwyU,2021-04-15,-15,0,-29,-16,-2,2
TJ,Tajikistan,,,,,,ChIJzbO8enN2sTgRtYgZT4QxwyU,2021-04-16,-14,-1,-27,-13,0,2
TJ,Tajikistan,,,,,,ChIJzbO8enN2sTgRtYgZT4QxwyU,2021-04-17,-13,2,-27,-20,-2,3
TJ,Tajikistan,,,,,,ChIJzbO8enN2sTgRtYgZT4QxwyU,2021-04-18,-14,2,-32,-22,-20,6
TJ,Tajikistan,,,,,,ChIJzbO8enN2sTgRtYgZT4QxwyU,2021-04-19,-12,5,-24,-16,1,0
TJ,Tajikistan,,,,,,ChIJzbO8enN2sTgRtYgZT4QxwyU,2021-04-20,-12,3,-29,-14,1,0
TJ,Tajikistan,,,,,,ChIJzbO8enN2sTgRtYgZT4QxwyU,2021-04-21,-15,4,-33,-18,1,3
TJ,Tajikistan,,,,,,ChIJzbO8enN2sTgRtYgZT4QxwyU,2021-04-22,-14,3,-30,-18,0,2
TJ,Tajikistan,,,,,,ChIJzbO8enN2sTgRtYgZT4QxwyU,2021-04-23,-14,1,-28,-13,0,1
TJ,Tajikistan,,,,,,ChIJzbO8enN2sTgRtYgZT4QxwyU,2021-04-24,-13,4,-29,-21,-1,3
TJ,Tajikistan,,,,,,ChIJzbO8enN2sTgRtYgZT4QxwyU,2021-04-25,-13,1,-30,-25,-21,5
TJ,Tajikistan,,,Dushanbe Metropolitan Area,,,ChIJ2buhwgvOtTgRDY8MehM-FKA,2021-01-01,-39,-33,-46,-53,-71,25
TJ,Tajikistan,,,Dushanbe Metropolitan Area,,,ChIJ2buhwgvOtTgRDY8MehM-FKA,2021-01-02,-21,-23,-35,-40,-35,16
TJ,Tajikistan,,,Dushanbe Metropolitan Area,,,ChIJ2buhwgvOtTgRDY8MehM-FKA,2021-01-03,-10,-20,-23,-31,-22,10
TJ,Tajikistan,,,Dushanbe Metropolitan Area,,,ChIJ2buhwgvOtTgRDY8MehM-FKA,2021-01-04,-4,-4,-27,-37,-13,10
TJ,Tajikistan,,,Dushanbe Metropolitan Area,,,ChIJ2buhwgvOtTgRDY8MehM-FKA,2021-01-05,-7,-8,-30,-32,-14,11
TJ,Tajikistan,,,Dushanbe Metropolitan Area,,,ChIJ2buhwgvOtTgRDY8MehM-FKA,2021-01-06,-8,-3,-32,-29,-15,10
TJ,Tajikistan,,,Dushanbe Metropolitan Area,,,ChIJ2buhwgvOtTgRDY8MehM-FKA,2021-01-07,-10,-6,-34,-36,-15,12
TJ,Tajikistan,,,Dushanbe Metropolitan Area,,,ChIJ2buhwgvOtTgRDY8MehM-FKA,2021-01-08,-7,-10,-36,-31,-11,12
TJ,Tajikistan,,,Dushanbe Metropolitan Area,,,ChIJ2buhwgvOtTgRDY8MehM-FKA,2021-01-09,-3,-4,-33,-35,-10,9
TJ,Tajikistan,,,Dushanbe Metropolitan Area,,,ChIJ2buhwgvOtTgRDY8MehM-FKA,2021-01-10,2,-6,-28,-28,-13,6
TJ,Tajikistan,,,Dushanbe Metropolitan Area,,,ChIJ2buhwgvOtTgRDY8MehM-FKA,2021-01-11,-3,-8,-24,-32,-11,6
TJ,Tajikistan,,,Dushanbe Metropolitan Area,,,ChIJ2buhwgvOtTgRDY8MehM-FKA,2021-01-12,-7,-8,-31,-30,-10,5
TJ,Tajikistan,,,Dushanbe Metropolitan Area,,,ChIJ2buhwgvOtTgRDY8MehM-FKA,2021-01-13,-9,-10,-30,-31,-15,4
TJ,Tajikistan,,,Dushanbe Metropolitan Area,,,ChIJ2buhwgvOtTgRDY8MehM-FKA,2021-01-14,-14,-15,-36,-34,-19,4
TJ,Tajikistan,,,Dushanbe Metropolitan Area,,,ChIJ2buhwgvOtTgRDY8MehM-FKA,2021-01-15,-14,-20,-37,-32,-19,3
TJ,Tajikistan,,,Dushanbe Metropolitan Area,,,ChIJ2buhwgvOtTgRDY8MehM-FKA,2021-01-16,-17,-19,-39,-38,-21,3
TJ,Tajikistan,,,Dushanbe Metropolitan Area,,,ChIJ2buhwgvOtTgRDY8MehM-FKA,2021-01-17,-14,-21,-35,-35,-27,3
TJ,Tajikistan,,,Dushanbe Metropolitan Area,,,ChIJ2buhwgvOtTgRDY8MehM-FKA,2021-01-18,-16,-21,-33,-35,-22,4
TJ,Tajikistan,,,Dushanbe Metropolitan Area,,,ChIJ2buhwgvOtTgRDY8MehM-FKA,2021-01-19,-16,-17,-42,-31,-19,3
TJ,Tajikistan,,,Dushanbe Metropolitan Area,,,ChIJ2buhwgvOtTgRDY8MehM-FKA,2021-01-20,-15,-13,-34,-30,-21,4
TJ,Tajikistan,,,Dushanbe Metropolitan Area,,,ChIJ2buhwgvOtTgRDY8MehM-FKA,2021-01-21,-16,-15,-36,-34,-19,4
TJ,Tajikistan,,,Dushanbe Metropolitan Area,,,ChIJ2buhwgvOtTgRDY8MehM-FKA,2021-01-22,-28,-31,-50,-43,-21,10
TJ,Tajikistan,,,Dushanbe Metropolitan Area,,,ChIJ2buhwgvOtTgRDY8MehM-FKA,2021-01-23,-22,-22,-47,-40,-19,11
TJ,Tajikistan,,,Dushanbe Metropolitan Area,,,ChIJ2buhwgvOtTgRDY8MehM-FKA,2021-01-24,-16,-18,-39,-31,-25,7
TJ,Tajikistan,,,Dushanbe Metropolitan Area,,,ChIJ2buhwgvOtTgRDY8MehM-FKA,2021-01-25,-12,-16,-31,-31,-13,5
TJ,Tajikistan,,,Dushanbe Metropolitan Area,,,ChIJ2buhwgvOtTgRDY8MehM-FKA,2021-01-26,-13,-15,-37,-29,-9,4
TJ,Tajikistan,,,Dushanbe Metropolitan Area,,,ChIJ2buhwgvOtTgRDY8MehM-FKA,2021-01-27,-13,-12,-34,-30,-11,4
TJ,Tajikistan,,,Dushanbe Metropolitan Area,,,ChIJ2buhwgvOtTgRDY8MehM-FKA,2021-01-28,-12,-13,-35,-24,-9,4
TJ,Tajikistan,,,Dushanbe Metropolitan Area,,,ChIJ2buhwgvOtTgRDY8MehM-FKA,2021-01-29,-10,-15,-36,-28,-6,3
TJ,Tajikistan,,,Dushanbe Metropolitan Area,,,ChIJ2buhwgvOtTgRDY8MehM-FKA,2021-01-30,-10,-9,-29,-29,-7,1
TJ,Tajikistan,,,Dushanbe Metropolitan Area,,,ChIJ2buhwgvOtTgRDY8MehM-FKA,2021-01-31,-10,-12,-28,-25,-26,3
TJ,Tajikistan,,,Dushanbe Metropolitan Area,,,ChIJ2buhwgvOtTgRDY8MehM-FKA,2021-02-01,-8,-12,-27,-27,-9,-1
TJ,Tajikistan,,,Dushanbe Metropolitan Area,,,ChIJ2buhwgvOtTgRDY8MehM-FKA,2021-02-02,-5,-7,-28,-27,-6,-2
TJ,Tajikistan,,,Dushanbe Metropolitan Area,,,ChIJ2buhwgvOtTgRDY8MehM-FKA,2021-02-03,-9,-9,-27,-26,-10,-1
TJ,Tajikistan,,,Dushanbe Metropolitan Area,,,ChIJ2buhwgvOtTgRDY8MehM-FKA,2021-02-04,-10,-12,-25,-28,-11,-1
TJ,Tajikistan,,,Dushanbe Metropolitan Area,,,ChIJ2buhwgvOtTgRDY8MehM-FKA,2021-02-05,-7,-14,-29,-27,-6,-1
TJ,Tajikistan,,,Dushanbe Metropolitan Area,,,ChIJ2buhwgvOtTgRDY8MehM-FKA,2021-02-06,-9,-10,-26,-29,-8,-1
TJ,Tajikistan,,,Dushanbe Metropolitan Area,,,ChIJ2buhwgvOtTgRDY8MehM-FKA,2021-02-07,-9,-14,-19,-24,-26,0
TJ,Tajikistan,,,Dushanbe Metropolitan Area,,,ChIJ2buhwgvOtTgRDY8MehM-FKA,2021-02-08,-9,-14,-20,-29,-9,-1
TJ,Tajikistan,,,Dushanbe Metropolitan Area,,,ChIJ2buhwgvOtTgRDY8MehM-FKA,2021-02-09,-8,-9,-25,-27,-5,-2
TJ,Tajikistan,,,Dushanbe Metropolitan Area,,,ChIJ2buhwgvOtTgRDY8MehM-FKA,2021-02-10,-9,-9,-21,-26,-7,-1
TJ,Tajikistan,,,Dushanbe Metropolitan Area,,,ChIJ2buhwgvOtTgRDY8MehM-FKA,2021-02-11,-7,-6,-23,-30,-6,-2
TJ,Tajikistan,,,Dushanbe Metropolitan Area,,,ChIJ2buhwgvOtTgRDY8MehM-FKA,2021-02-12,-6,-10,-22,-28,-2,-3
TJ,Tajikistan,,,Dushanbe Metropolitan Area,,,ChIJ2buhwgvOtTgRDY8MehM-FKA,2021-02-13,-4,-6,-25,-31,-5,-3
TJ,Tajikistan,,,Dushanbe Metropolitan Area,,,ChIJ2buhwgvOtTgRDY8MehM-FKA,2021-02-14,-1,-6,-11,-25,-23,-2
TJ,Tajikistan,,,Dushanbe Metropolitan Area,,,ChIJ2buhwgvOtTgRDY8MehM-FKA,2021-02-15,-5,-9,-16,-32,-5,-4
TJ,Tajikistan,,,Dushanbe Metropolitan Area,,,ChIJ2buhwgvOtTgRDY8MehM-FKA,2021-02-16,-5,-7,-24,-28,-4,-4
TJ,Tajikistan,,,Dushanbe Metropolitan Area,,,ChIJ2buhwgvOtTgRDY8MehM-FKA,2021-02-17,-6,-5,-21,-25,-5,-4
TJ,Tajikistan,,,Dushanbe Metropolitan Area,,,ChIJ2buhwgvOtTgRDY8MehM-FKA,2021-02-18,-7,-3,-23,-31,-3,-3
TJ,Tajikistan,,,Dushanbe Metropolitan Area,,,ChIJ2buhwgvOtTgRDY8MehM-FKA,2021-02-19,-6,-12,-25,-23,-1,-3
TJ,Tajikistan,,,Dushanbe Metropolitan Area,,,ChIJ2buhwgvOtTgRDY8MehM-FKA,2021-02-20,-4,-4,-31,-35,-1,-2
TJ,Tajikistan,,,Dushanbe Metropolitan Area,,,ChIJ2buhwgvOtTgRDY8MehM-FKA,2021-02-21,-4,-3,-24,-28,-22,0
TJ,Tajikistan,,,Dushanbe Metropolitan Area,,,ChIJ2buhwgvOtTgRDY8MehM-FKA,2021-02-22,-4,-4,-29,-31,-3,-2
TJ,Tajikistan,,,Dushanbe Metropolitan Area,,,ChIJ2buhwgvOtTgRDY8MehM-FKA,2021-02-23,5,-1,-24,-26,-1,-5
TJ,Tajikistan,,,Dushanbe Metropolitan Area,,,ChIJ2buhwgvOtTgRDY8MehM-FKA,2021-02-24,-14,-12,-37,-33,-5,0
TJ,Tajikistan,,,Dushanbe Metropolitan Area,,,ChIJ2buhwgvOtTgRDY8MehM-FKA,2021-02-25,-16,-15,-41,-38,-4,2
TJ,Tajikistan,,,Dushanbe Metropolitan Area,,,ChIJ2buhwgvOtTgRDY8MehM-FKA,2021-02-26,-12,-18,-37,-32,0,1
TJ,Tajikistan,,,Dushanbe Metropolitan Area,,,ChIJ2buhwgvOtTgRDY8MehM-FKA,2021-02-27,-5,-6,-34,-35,1,0
TJ,Tajikistan,,,Dushanbe Metropolitan Area,,,ChIJ2buhwgvOtTgRDY8MehM-FKA,2021-02-28,-1,-3,-21,-28,-19,-1
TJ,Tajikistan,,,Dushanbe Metropolitan Area,,,ChIJ2buhwgvOtTgRDY8MehM-FKA,2021-03-01,-3,-2,-24,-30,-3,-5
TJ,Tajikistan,,,Dushanbe Metropolitan Area,,,ChIJ2buhwgvOtTgRDY8MehM-FKA,2021-03-02,-2,-2,-24,-30,-1,-5
TJ,Tajikistan,,,Dushanbe Metropolitan Area,,,ChIJ2buhwgvOtTgRDY8MehM-FKA,2021-03-03,-2,0,-22,-26,-4,-4
TJ,Tajikistan,,,Dushanbe Metropolitan Area,,,ChIJ2buhwgvOtTgRDY8MehM-FKA,2021-03-04,-2,4,-21,-26,-2,-4
TJ,Tajikistan,,,Dushanbe Metropolitan Area,,,ChIJ2buhwgvOtTgRDY8MehM-FKA,2021-03-05,1,-6,-19,-22,0,-4
TJ,Tajikistan,,,Dushanbe Metropolitan Area,,,ChIJ2buhwgvOtTgRDY8MehM-FKA,2021-03-06,3,3,-27,-28,-5,-3
TJ,Tajikistan,,,Dushanbe Metropolitan Area,,,ChIJ2buhwgvOtTgRDY8MehM-FKA,2021-03-07,3,0,-22,-27,-21,-1
TJ,Tajikistan,,,Dushanbe Metropolitan Area,,,ChIJ2buhwgvOtTgRDY8MehM-FKA,2021-03-08,-2,0,-18,-39,-57,5
TJ,Tajikistan,,,Dushanbe Metropolitan Area,,,ChIJ2buhwgvOtTgRDY8MehM-FKA,2021-03-09,-2,-3,-20,-31,-1,-5
TJ,Tajikistan,,,Dushanbe Metropolitan Area,,,ChIJ2buhwgvOtTgRDY8MehM-FKA,2021-03-10,-3,-1,-21,-26,-3,-2
TJ,Tajikistan,,,Dushanbe Metropolitan Area,,,ChIJ2buhwgvOtTgRDY8MehM-FKA,2021-03-11,-4,-1,-26,-31,-2,-1
TJ,Tajikistan,,,Dushanbe Metropolitan Area,,,ChIJ2buhwgvOtTgRDY8MehM-FKA,2021-03-12,-4,-11,-22,-33,0,-2
TJ,Tajikistan,,,Dushanbe Metropolitan Area,,,ChIJ2buhwgvOtTgRDY8MehM-FKA,2021-03-13,-4,-3,-27,-42,1,-1
TJ,Tajikistan,,,Dushanbe Metropolitan Area,,,ChIJ2buhwgvOtTgRDY8MehM-FKA,2021-03-14,-15,-17,-35,-40,-28,5
TJ,Tajikistan,,,Dushanbe Metropolitan Area,,,ChIJ2buhwgvOtTgRDY8MehM-FKA,2021-03-15,-4,-2,-23,-35,0,-1
TJ,Tajikistan,,,Dushanbe Metropolitan Area,,,ChIJ2buhwgvOtTgRDY8MehM-FKA,2021-03-16,-1,0,-22,-33,0,-3
TJ,Tajikistan,,,Dushanbe Metropolitan Area,,,ChIJ2buhwgvOtTgRDY8MehM-FKA,2021-03-17,-1,2,-15,-28,-2,-3
TJ,Tajikistan,,,Dushanbe Metropolitan Area,,,ChIJ2buhwgvOtTgRDY8MehM-FKA,2021-03-18,1,7,-14,-24,-5,-4
TJ,Tajikistan,,,Dushanbe Metropolitan Area,,,ChIJ2buhwgvOtTgRDY8MehM-FKA,2021-03-19,-1,-2,-25,-29,-2,-3
TJ,Tajikistan,,,Dushanbe Metropolitan Area,,,ChIJ2buhwgvOtTgRDY8MehM-FKA,2021-03-20,-6,-3,-28,-31,-13,-3
TJ,Tajikistan,,,Dushanbe Metropolitan Area,,,ChIJ2buhwgvOtTgRDY8MehM-FKA,2021-03-21,-12,-21,9,-34,-38,-1
TJ,Tajikistan,,,Dushanbe Metropolitan Area,,,ChIJ2buhwgvOtTgRDY8MehM-FKA,2021-03-22,-27,-25,-12,-47,-63,9
TJ,Tajikistan,,,Dushanbe Metropolitan Area,,,ChIJ2buhwgvOtTgRDY8MehM-FKA,2021-03-23,-27,-28,-36,-45,-56,7
TJ,Tajikistan,,,Dushanbe Metropolitan Area,,,ChIJ2buhwgvOtTgRDY8MehM-FKA,2021-03-24,-15,-11,-21,-36,-49,3
TJ,Tajikistan,,,Dushanbe Metropolitan Area,,,ChIJ2buhwgvOtTgRDY8MehM-FKA,2021-03-25,-13,-6,-26,-36,-44,4
TJ,Tajikistan,,,Dushanbe Metropolitan Area,,,ChIJ2buhwgvOtTgRDY8MehM-FKA,2021-03-26,-6,-8,-32,-31,-13,1
TJ,Tajikistan,,,Dushanbe Metropolitan Area,,,ChIJ2buhwgvOtTgRDY8MehM-FKA,2021-03-27,-16,-13,-39,-42,-14,4
TJ,Tajikistan,,,Dushanbe Metropolitan Area,,,ChIJ2buhwgvOtTgRDY8MehM-FKA,2021-03-28,-11,-13,-32,-32,-24,3
TJ,Tajikistan,,,Dushanbe Metropolitan Area,,,ChIJ2buhwgvOtTgRDY8MehM-FKA,2021-03-29,-3,-3,-24,-33,-7,-1
TJ,Tajikistan,,,Dushanbe Metropolitan Area,,,ChIJ2buhwgvOtTgRDY8MehM-FKA,2021-03-30,1,0,-17,-27,-4,-4
TJ,Tajikistan,,,Dushanbe Metropolitan Area,,,ChIJ2buhwgvOtTgRDY8MehM-FKA,2021-03-31,-3,3,-23,-27,-8,-2
TJ,Tajikistan,,,Dushanbe Metropolitan Area,,,ChIJ2buhwgvOtTgRDY8MehM-FKA,2021-04-01,-1,3,-27,-29,-3,-3
TJ,Tajikistan,,,Dushanbe Metropolitan Area,,,ChIJ2buhwgvOtTgRDY8MehM-FKA,2021-04-02,1,-4,-19,-25,1,-4
TJ,Tajikistan,,,Dushanbe Metropolitan Area,,,ChIJ2buhwgvOtTgRDY8MehM-FKA,2021-04-03,3,4,-14,-30,1,-4
TJ,Tajikistan,,,Dushanbe Metropolitan Area,,,ChIJ2buhwgvOtTgRDY8MehM-FKA,2021-04-04,-11,-10,-36,-34,-23,3
TJ,Tajikistan,,,Dushanbe Metropolitan Area,,,ChIJ2buhwgvOtTgRDY8MehM-FKA,2021-04-05,5,8,-13,-33,2,-3
TJ,Tajikistan,,,Dushanbe Metropolitan Area,,,ChIJ2buhwgvOtTgRDY8MehM-FKA,2021-04-06,3,3,-19,-29,0,-5
TJ,Tajikistan,,,Dushanbe Metropolitan Area,,,ChIJ2buhwgvOtTgRDY8MehM-FKA,2021-04-07,2,5,-16,-24,-4,-4
TJ,Tajikistan,,,Dushanbe Metropolitan Area,,,ChIJ2buhwgvOtTgRDY8MehM-FKA,2021-04-08,2,5,-16,-24,-2,-3
TJ,Tajikistan,,,Dushanbe Metropolitan Area,,,ChIJ2buhwgvOtTgRDY8MehM-FKA,2021-04-09,0,-3,-20,-16,1,-2
TJ,Tajikistan,,,Dushanbe Metropolitan Area,,,ChIJ2buhwgvOtTgRDY8MehM-FKA,2021-04-10,3,5,-20,-23,-2,-4
TJ,Tajikistan,,,Dushanbe Metropolitan Area,,,ChIJ2buhwgvOtTgRDY8MehM-FKA,2021-04-11,5,2,-11,-24,-23,-4
TJ,Tajikistan,,,Dushanbe Metropolitan Area,,,ChIJ2buhwgvOtTgRDY8MehM-FKA,2021-04-12,6,11,-17,-20,0,-5
TJ,Tajikistan,,,Dushanbe Metropolitan Area,,,ChIJ2buhwgvOtTgRDY8MehM-FKA,2021-04-13,-16,-5,-37,-26,-2,1
TJ,Tajikistan,,,Dushanbe Metropolitan Area,,,ChIJ2buhwgvOtTgRDY8MehM-FKA,2021-04-14,-15,-3,-29,-23,-5,1
TJ,Tajikistan,,,Dushanbe Metropolitan Area,,,ChIJ2buhwgvOtTgRDY8MehM-FKA,2021-04-15,-12,-1,-29,-24,-2,1
TJ,Tajikistan,,,Dushanbe Metropolitan Area,,,ChIJ2buhwgvOtTgRDY8MehM-FKA,2021-04-16,-11,-10,-28,-18,1,1
TJ,Tajikistan,,,Dushanbe Metropolitan Area,,,ChIJ2buhwgvOtTgRDY8MehM-FKA,2021-04-17,-10,-1,-21,-25,0,2
TJ,Tajikistan,,,Dushanbe Metropolitan Area,,,ChIJ2buhwgvOtTgRDY8MehM-FKA,2021-04-18,-12,-2,-32,-32,-21,5
TJ,Tajikistan,,,Dushanbe Metropolitan Area,,,ChIJ2buhwgvOtTgRDY8MehM-FKA,2021-04-19,-9,2,-24,-25,0,0
TJ,Tajikistan,,,Dushanbe Metropolitan Area,,,ChIJ2buhwgvOtTgRDY8MehM-FKA,2021-04-20,-10,-3,-30,-21,1,-1
TJ,Tajikistan,,,Dushanbe Metropolitan Area,,,ChIJ2buhwgvOtTgRDY8MehM-FKA,2021-04-21,-11,1,-29,-17,-2,1
TJ,Tajikistan,,,Dushanbe Metropolitan Area,,,ChIJ2buhwgvOtTgRDY8MehM-FKA,2021-04-22,-12,1,-25,-25,0,1
TJ,Tajikistan,,,Dushanbe Metropolitan Area,,,ChIJ2buhwgvOtTgRDY8MehM-FKA,2021-04-23,-12,-8,-29,-18,1,2
TJ,Tajikistan,,,Dushanbe Metropolitan Area,,,ChIJ2buhwgvOtTgRDY8MehM-FKA,2021-04-24,-11,0,-27,-26,1,2
TJ,Tajikistan,,,Dushanbe Metropolitan Area,,,ChIJ2buhwgvOtTgRDY8MehM-FKA,2021-04-25,-13,-2,-25,-28,-22,4
