country_region_code,country_region,sub_region_1,sub_region_2,metro_area,iso_3166_2_code,census_fips_code,place_id,date,retail_and_recreation_percent_change_from_baseline,grocery_and_pharmacy_percent_change_from_baseline,parks_percent_change_from_baseline,transit_stations_percent_change_from_baseline,workplaces_percent_change_from_baseline,residential_percent_change_from_baseline
LK,Sri Lanka,,,,,,ChIJnR5a9jxZ4joRjNPiALSkPeE,2021-01-01,-37,-15,-14,-29,-24,21
LK,Sri Lanka,,,,,,ChIJnR5a9jxZ4joRjNPiALSkPeE,2021-01-02,-32,-13,-18,-25,-17,16
LK,Sri Lanka,,,,,,ChIJnR5a9jxZ4joRjNPiALSkPeE,2021-01-03,-35,-18,-17,-23,-16,15
LK,Sri Lanka,,,,,,ChIJnR5a9jxZ4joRjNPiALSkPeE,2021-01-04,-34,-17,-19,-25,-24,18
LK,Sri Lanka,,,,,,ChIJnR5a9jxZ4joRjNPiALSkPeE,2021-01-05,-31,-12,-18,-20,-25,17
LK,Sri Lanka,,,,,,ChIJnR5a9jxZ4joRjNPiALSkPeE,2021-01-06,-28,-8,-17,-20,-24,17
LK,Sri Lanka,,,,,,ChIJnR5a9jxZ4joRjNPiALSkPeE,2021-01-07,-26,-7,-16,-20,-23,17
LK,Sri Lanka,,,,,,ChIJnR5a9jxZ4joRjNPiALSkPeE,2021-01-08,-25,-2,-17,-19,-23,17
LK,Sri Lanka,,,,,,ChIJnR5a9jxZ4joRjNPiALSkPeE,2021-01-09,-28,-8,-24,-23,-15,13
LK,Sri Lanka,,,,,,ChIJnR5a9jxZ4joRjNPiALSkPeE,2021-01-10,-29,-9,-23,-19,-14,12
LK,Sri Lanka,,,,,,ChIJnR5a9jxZ4joRjNPiALSkPeE,2021-01-11,-27,-7,-21,-22,-23,15
LK,Sri Lanka,,,,,,ChIJnR5a9jxZ4joRjNPiALSkPeE,2021-01-12,-27,-7,-23,-20,-24,14
LK,Sri Lanka,,,,,,ChIJnR5a9jxZ4joRjNPiALSkPeE,2021-01-13,-26,-7,-24,-21,-27,12
LK,Sri Lanka,,,,,,ChIJnR5a9jxZ4joRjNPiALSkPeE,2021-01-14,-36,-22,-28,-40,-65,22
LK,Sri Lanka,,,,,,ChIJnR5a9jxZ4joRjNPiALSkPeE,2021-01-15,-33,-16,-31,-33,-36,14
LK,Sri Lanka,,,,,,ChIJnR5a9jxZ4joRjNPiALSkPeE,2021-01-16,-36,-23,-35,-37,-30,12
LK,Sri Lanka,,,,,,ChIJnR5a9jxZ4joRjNPiALSkPeE,2021-01-17,-36,-22,-33,-34,-29,11
LK,Sri Lanka,,,,,,ChIJnR5a9jxZ4joRjNPiALSkPeE,2021-01-18,-34,-19,-33,-33,-34,14
LK,Sri Lanka,,,,,,ChIJnR5a9jxZ4joRjNPiALSkPeE,2021-01-19,-33,-15,-32,-31,-33,14
LK,Sri Lanka,,,,,,ChIJnR5a9jxZ4joRjNPiALSkPeE,2021-01-20,-31,-16,-30,-30,-33,14
LK,Sri Lanka,,,,,,ChIJnR5a9jxZ4joRjNPiALSkPeE,2021-01-21,-31,-15,-29,-30,-33,14
LK,Sri Lanka,,,,,,ChIJnR5a9jxZ4joRjNPiALSkPeE,2021-01-22,-29,-11,-28,-30,-31,15
LK,Sri Lanka,,,,,,ChIJnR5a9jxZ4joRjNPiALSkPeE,2021-01-23,-30,-14,-28,-31,-24,12
LK,Sri Lanka,,,,,,ChIJnR5a9jxZ4joRjNPiALSkPeE,2021-01-24,-31,-14,-26,-29,-24,11
LK,Sri Lanka,,,,,,ChIJnR5a9jxZ4joRjNPiALSkPeE,2021-01-25,-29,-10,-24,-27,-31,13
LK,Sri Lanka,,,,,,ChIJnR5a9jxZ4joRjNPiALSkPeE,2021-01-26,-28,-9,-27,-26,-30,13
LK,Sri Lanka,,,,,,ChIJnR5a9jxZ4joRjNPiALSkPeE,2021-01-27,-25,-4,-22,-22,-30,11
LK,Sri Lanka,,,,,,ChIJnR5a9jxZ4joRjNPiALSkPeE,2021-01-28,-42,-23,-17,-43,-69,25
LK,Sri Lanka,,,,,,ChIJnR5a9jxZ4joRjNPiALSkPeE,2021-01-29,-27,-3,-25,-24,-30,13
LK,Sri Lanka,,,,,,ChIJnR5a9jxZ4joRjNPiALSkPeE,2021-01-30,-30,-13,-27,-28,-22,10
LK,Sri Lanka,,,,,,ChIJnR5a9jxZ4joRjNPiALSkPeE,2021-01-31,-31,-11,-26,-26,-21,9
LK,Sri Lanka,,,,,,ChIJnR5a9jxZ4joRjNPiALSkPeE,2021-02-01,-30,-9,-28,-26,-28,11
LK,Sri Lanka,,,,,,ChIJnR5a9jxZ4joRjNPiALSkPeE,2021-02-02,-29,-8,-28,-24,-28,11
LK,Sri Lanka,,,,,,ChIJnR5a9jxZ4joRjNPiALSkPeE,2021-02-03,-26,-5,-23,-23,-29,10
LK,Sri Lanka,,,,,,ChIJnR5a9jxZ4joRjNPiALSkPeE,2021-02-04,-42,-23,-11,-44,-71,25
LK,Sri Lanka,,,,,,ChIJnR5a9jxZ4joRjNPiALSkPeE,2021-02-05,-28,-5,-20,-27,-30,14
LK,Sri Lanka,,,,,,ChIJnR5a9jxZ4joRjNPiALSkPeE,2021-02-06,-30,-13,-22,-29,-24,11
LK,Sri Lanka,,,,,,ChIJnR5a9jxZ4joRjNPiALSkPeE,2021-02-07,-32,-14,-18,-28,-24,10
LK,Sri Lanka,,,,,,ChIJnR5a9jxZ4joRjNPiALSkPeE,2021-02-08,-29,-11,-23,-27,-28,13
LK,Sri Lanka,,,,,,ChIJnR5a9jxZ4joRjNPiALSkPeE,2021-02-09,-28,-8,-24,-25,-28,12
LK,Sri Lanka,,,,,,ChIJnR5a9jxZ4joRjNPiALSkPeE,2021-02-10,-26,-4,-21,-23,-27,12
LK,Sri Lanka,,,,,,ChIJnR5a9jxZ4joRjNPiALSkPeE,2021-02-11,-25,-6,-24,-25,-26,13
LK,Sri Lanka,,,,,,ChIJnR5a9jxZ4joRjNPiALSkPeE,2021-02-12,-24,-1,-25,-25,-26,12
LK,Sri Lanka,,,,,,ChIJnR5a9jxZ4joRjNPiALSkPeE,2021-02-13,-23,-3,-22,-26,-22,8
LK,Sri Lanka,,,,,,ChIJnR5a9jxZ4joRjNPiALSkPeE,2021-02-14,-22,-5,-18,-25,-23,8
LK,Sri Lanka,,,,,,ChIJnR5a9jxZ4joRjNPiALSkPeE,2021-02-15,-26,-5,-27,-27,-26,11
LK,Sri Lanka,,,,,,ChIJnR5a9jxZ4joRjNPiALSkPeE,2021-02-16,-26,-4,-28,-25,-26,11
LK,Sri Lanka,,,,,,ChIJnR5a9jxZ4joRjNPiALSkPeE,2021-02-17,-26,-5,-27,-25,-25,11
LK,Sri Lanka,,,,,,ChIJnR5a9jxZ4joRjNPiALSkPeE,2021-02-18,-25,-6,-27,-25,-25,12
LK,Sri Lanka,,,,,,ChIJnR5a9jxZ4joRjNPiALSkPeE,2021-02-19,-24,1,-26,-23,-25,12
LK,Sri Lanka,,,,,,ChIJnR5a9jxZ4joRjNPiALSkPeE,2021-02-20,-23,-3,-21,-25,-19,8
LK,Sri Lanka,,,,,,ChIJnR5a9jxZ4joRjNPiALSkPeE,2021-02-21,-27,-7,-21,-25,-22,8
LK,Sri Lanka,,,,,,ChIJnR5a9jxZ4joRjNPiALSkPeE,2021-02-22,-26,-7,-27,-25,-24,11
LK,Sri Lanka,,,,,,ChIJnR5a9jxZ4joRjNPiALSkPeE,2021-02-23,-23,-1,-26,-22,-24,10
LK,Sri Lanka,,,,,,ChIJnR5a9jxZ4joRjNPiALSkPeE,2021-02-24,-22,-1,-23,-21,-24,10
LK,Sri Lanka,,,,,,ChIJnR5a9jxZ4joRjNPiALSkPeE,2021-02-25,-15,11,-20,-15,-24,7
LK,Sri Lanka,,,,,,ChIJnR5a9jxZ4joRjNPiALSkPeE,2021-02-26,-33,-7,-3,-36,-68,20
LK,Sri Lanka,,,,,,ChIJnR5a9jxZ4joRjNPiALSkPeE,2021-02-27,-19,4,-10,-20,-21,6
LK,Sri Lanka,,,,,,ChIJnR5a9jxZ4joRjNPiALSkPeE,2021-02-28,-20,1,-13,-18,-17,5
LK,Sri Lanka,,,,,,ChIJnR5a9jxZ4joRjNPiALSkPeE,2021-03-01,-21,2,-23,-20,-24,9
LK,Sri Lanka,,,,,,ChIJnR5a9jxZ4joRjNPiALSkPeE,2021-03-02,-20,3,-24,-18,-25,10
LK,Sri Lanka,,,,,,ChIJnR5a9jxZ4joRjNPiALSkPeE,2021-03-03,-19,1,-22,-19,-25,10
LK,Sri Lanka,,,,,,ChIJnR5a9jxZ4joRjNPiALSkPeE,2021-03-04,-19,0,-23,-20,-25,11
LK,Sri Lanka,,,,,,ChIJnR5a9jxZ4joRjNPiALSkPeE,2021-03-05,-17,5,-21,-19,-24,11
LK,Sri Lanka,,,,,,ChIJnR5a9jxZ4joRjNPiALSkPeE,2021-03-06,-20,-3,-22,-23,-19,8
LK,Sri Lanka,,,,,,ChIJnR5a9jxZ4joRjNPiALSkPeE,2021-03-07,-19,1,-15,-20,-20,6
LK,Sri Lanka,,,,,,ChIJnR5a9jxZ4joRjNPiALSkPeE,2021-03-08,-23,-5,-26,-22,-24,10
LK,Sri Lanka,,,,,,ChIJnR5a9jxZ4joRjNPiALSkPeE,2021-03-09,-17,6,-23,-16,-24,8
LK,Sri Lanka,,,,,,ChIJnR5a9jxZ4joRjNPiALSkPeE,2021-03-10,-17,3,-23,-14,-25,8
LK,Sri Lanka,,,,,,ChIJnR5a9jxZ4joRjNPiALSkPeE,2021-03-11,-18,2,-17,-21,-39,13
LK,Sri Lanka,,,,,,ChIJnR5a9jxZ4joRjNPiALSkPeE,2021-03-12,-14,13,-14,-13,-24,9
LK,Sri Lanka,,,,,,ChIJnR5a9jxZ4joRjNPiALSkPeE,2021-03-13,-15,4,-10,-15,-19,5
LK,Sri Lanka,,,,,,ChIJnR5a9jxZ4joRjNPiALSkPeE,2021-03-14,-15,4,-12,-13,-19,4
LK,Sri Lanka,,,,,,ChIJnR5a9jxZ4joRjNPiALSkPeE,2021-03-15,-17,6,-17,-14,-20,7
LK,Sri Lanka,,,,,,ChIJnR5a9jxZ4joRjNPiALSkPeE,2021-03-16,-18,5,-21,-13,-20,8
LK,Sri Lanka,,,,,,ChIJnR5a9jxZ4joRjNPiALSkPeE,2021-03-17,-17,5,-19,-13,-19,8
LK,Sri Lanka,,,,,,ChIJnR5a9jxZ4joRjNPiALSkPeE,2021-03-18,-16,4,-20,-16,-18,8
LK,Sri Lanka,,,,,,ChIJnR5a9jxZ4joRjNPiALSkPeE,2021-03-19,-14,12,-17,-12,-18,8
LK,Sri Lanka,,,,,,ChIJnR5a9jxZ4joRjNPiALSkPeE,2021-03-20,-12,8,-10,-12,-16,5
LK,Sri Lanka,,,,,,ChIJnR5a9jxZ4joRjNPiALSkPeE,2021-03-21,-16,3,-14,-14,-17,5
LK,Sri Lanka,,,,,,ChIJnR5a9jxZ4joRjNPiALSkPeE,2021-03-22,-16,5,-19,-13,-18,8
LK,Sri Lanka,,,,,,ChIJnR5a9jxZ4joRjNPiALSkPeE,2021-03-23,-15,8,-21,-11,-18,7
LK,Sri Lanka,,,,,,ChIJnR5a9jxZ4joRjNPiALSkPeE,2021-03-24,-14,7,-19,-11,-19,8
LK,Sri Lanka,,,,,,ChIJnR5a9jxZ4joRjNPiALSkPeE,2021-03-25,-10,12,-19,-10,-18,8
LK,Sri Lanka,,,,,,ChIJnR5a9jxZ4joRjNPiALSkPeE,2021-03-26,-9,15,-17,-9,-17,7
LK,Sri Lanka,,,,,,ChIJnR5a9jxZ4joRjNPiALSkPeE,2021-03-27,-7,12,-11,-10,-15,4
LK,Sri Lanka,,,,,,ChIJnR5a9jxZ4joRjNPiALSkPeE,2021-03-28,-18,-1,-13,-19,-26,6
LK,Sri Lanka,,,,,,ChIJnR5a9jxZ4joRjNPiALSkPeE,2021-03-29,-11,14,-17,-9,-16,6
LK,Sri Lanka,,,,,,ChIJnR5a9jxZ4joRjNPiALSkPeE,2021-03-30,-10,15,-19,-8,-16,6
LK,Sri Lanka,,,,,,ChIJnR5a9jxZ4joRjNPiALSkPeE,2021-03-31,-8,14,-16,-7,-16,5
LK,Sri Lanka,,,,,,ChIJnR5a9jxZ4joRjNPiALSkPeE,2021-04-01,-7,12,-17,-7,-14,6
LK,Sri Lanka,,,,,,ChIJnR5a9jxZ4joRjNPiALSkPeE,2021-04-02,-6,17,-12,-14,-36,13
LK,Sri Lanka,,,,,,ChIJnR5a9jxZ4joRjNPiALSkPeE,2021-04-03,-4,14,-9,-9,-13,4
LK,Sri Lanka,,,,,,ChIJnR5a9jxZ4joRjNPiALSkPeE,2021-04-04,-3,14,-9,-6,-12,3
LK,Sri Lanka,,,,,,ChIJnR5a9jxZ4joRjNPiALSkPeE,2021-04-05,-7,13,-16,-8,-14,6
LK,Sri Lanka,,,,,,ChIJnR5a9jxZ4joRjNPiALSkPeE,2021-04-06,-6,16,-19,-5,-14,5
LK,Sri Lanka,,,,,,ChIJnR5a9jxZ4joRjNPiALSkPeE,2021-04-07,-4,16,-16,-4,-15,5
LK,Sri Lanka,,,,,,ChIJnR5a9jxZ4joRjNPiALSkPeE,2021-04-08,0,20,-16,-3,-13,5
LK,Sri Lanka,,,,,,ChIJnR5a9jxZ4joRjNPiALSkPeE,2021-04-09,6,32,-12,4,-12,4
LK,Sri Lanka,,,,,,ChIJnR5a9jxZ4joRjNPiALSkPeE,2021-04-10,8,31,-7,8,-13,1
LK,Sri Lanka,,,,,,ChIJnR5a9jxZ4joRjNPiALSkPeE,2021-04-11,12,36,-2,12,-13,1
LK,Sri Lanka,,,,,,ChIJnR5a9jxZ4joRjNPiALSkPeE,2021-04-12,9,51,-1,4,-51,10
LK,Sri Lanka,,,,,,ChIJnR5a9jxZ4joRjNPiALSkPeE,2021-04-13,-25,27,-9,-20,-75,20
LK,Sri Lanka,,,,,,ChIJnR5a9jxZ4joRjNPiALSkPeE,2021-04-14,-55,-33,-6,-50,-83,20
LK,Sri Lanka,,,,,,ChIJnR5a9jxZ4joRjNPiALSkPeE,2021-04-15,-34,0,12,-26,-65,12
LK,Sri Lanka,,,,,,ChIJnR5a9jxZ4joRjNPiALSkPeE,2021-04-16,-25,11,18,-18,-58,12
LK,Sri Lanka,,,,,,ChIJnR5a9jxZ4joRjNPiALSkPeE,2021-04-17,-22,4,10,-15,-46,5
LK,Sri Lanka,,,,,,ChIJnR5a9jxZ4joRjNPiALSkPeE,2021-04-18,-15,10,-3,-6,-29,3
LK,Sri Lanka,,,,,,ChIJnR5a9jxZ4joRjNPiALSkPeE,2021-04-19,-11,13,-14,-7,-15,7
LK,Sri Lanka,,,,,,ChIJnR5a9jxZ4joRjNPiALSkPeE,2021-04-20,-11,15,-18,-5,-15,7
LK,Sri Lanka,,,,,,ChIJnR5a9jxZ4joRjNPiALSkPeE,2021-04-21,-10,15,-16,-5,-15,7
LK,Sri Lanka,,,,,,ChIJnR5a9jxZ4joRjNPiALSkPeE,2021-04-22,-11,12,-18,-9,-14,8
LK,Sri Lanka,,,,,,ChIJnR5a9jxZ4joRjNPiALSkPeE,2021-04-23,-12,20,-19,-9,-15,9
LK,Sri Lanka,,,,,,ChIJnR5a9jxZ4joRjNPiALSkPeE,2021-04-24,-16,11,-16,-16,-14,8
LK,Sri Lanka,,,,,,ChIJnR5a9jxZ4joRjNPiALSkPeE,2021-04-25,-18,10,-13,-18,-17,8
