country_region_code,country_region,sub_region_1,sub_region_2,metro_area,iso_3166_2_code,census_fips_code,place_id,date,retail_and_recreation_percent_change_from_baseline,grocery_and_pharmacy_percent_change_from_baseline,parks_percent_change_from_baseline,transit_stations_percent_change_from_baseline,workplaces_percent_change_from_baseline,residential_percent_change_from_baseline
GH,Ghana,,,,,,ChIJx9baqM1a1w8RNtKT0DDy11Q,2021-01-01,-9,2,-7,-3,-61,22
GH,Ghana,,,,,,ChIJx9baqM1a1w8RNtKT0DDy11Q,2021-01-02,0,23,-9,6,-17,13
GH,Ghana,,,,,,ChIJx9baqM1a1w8RNtKT0DDy11Q,2021-01-03,3,30,-4,15,-3,9
GH,Ghana,,,,,,ChIJx9baqM1a1w8RNtKT0DDy11Q,2021-01-04,4,31,-10,15,-20,16
GH,Ghana,,,,,,ChIJx9baqM1a1w8RNtKT0DDy11Q,2021-01-05,4,31,-11,16,-18,15
GH,Ghana,,,,,,ChIJx9baqM1a1w8RNtKT0DDy11Q,2021-01-06,7,37,-13,17,-16,15
GH,Ghana,,,,,,ChIJx9baqM1a1w8RNtKT0DDy11Q,2021-01-07,-8,17,-19,-3,-49,27
GH,Ghana,,,,,,ChIJx9baqM1a1w8RNtKT0DDy11Q,2021-01-08,5,30,-9,14,-12,14
GH,Ghana,,,,,,ChIJx9baqM1a1w8RNtKT0DDy11Q,2021-01-09,4,31,-5,13,-2,9
GH,Ghana,,,,,,ChIJx9baqM1a1w8RNtKT0DDy11Q,2021-01-10,4,27,-6,13,-2,9
GH,Ghana,,,,,,ChIJx9baqM1a1w8RNtKT0DDy11Q,2021-01-11,10,37,-2,20,-12,11
GH,Ghana,,,,,,ChIJx9baqM1a1w8RNtKT0DDy11Q,2021-01-12,7,32,-5,16,-13,11
GH,Ghana,,,,,,ChIJx9baqM1a1w8RNtKT0DDy11Q,2021-01-13,5,29,-11,12,-15,10
GH,Ghana,,,,,,ChIJx9baqM1a1w8RNtKT0DDy11Q,2021-01-14,2,26,-14,5,-19,11
GH,Ghana,,,,,,ChIJx9baqM1a1w8RNtKT0DDy11Q,2021-01-15,-1,17,-13,5,-18,11
GH,Ghana,,,,,,ChIJx9baqM1a1w8RNtKT0DDy11Q,2021-01-16,-3,19,-13,1,-13,8
GH,Ghana,,,,,,ChIJx9baqM1a1w8RNtKT0DDy11Q,2021-01-17,-3,22,-12,3,-11,9
GH,Ghana,,,,,,ChIJx9baqM1a1w8RNtKT0DDy11Q,2021-01-18,2,25,-13,7,-18,10
GH,Ghana,,,,,,ChIJx9baqM1a1w8RNtKT0DDy11Q,2021-01-19,-1,20,-14,3,-19,10
GH,Ghana,,,,,,ChIJx9baqM1a1w8RNtKT0DDy11Q,2021-01-20,-1,20,-17,1,-18,11
GH,Ghana,,,,,,ChIJx9baqM1a1w8RNtKT0DDy11Q,2021-01-21,-2,21,-15,-1,-18,12
GH,Ghana,,,,,,ChIJx9baqM1a1w8RNtKT0DDy11Q,2021-01-22,-3,16,-12,2,-15,12
GH,Ghana,,,,,,ChIJx9baqM1a1w8RNtKT0DDy11Q,2021-01-23,-4,21,-14,-1,-11,11
GH,Ghana,,,,,,ChIJx9baqM1a1w8RNtKT0DDy11Q,2021-01-24,-4,20,-14,2,-10,12
GH,Ghana,,,,,,ChIJx9baqM1a1w8RNtKT0DDy11Q,2021-01-25,1,23,-14,4,-15,11
GH,Ghana,,,,,,ChIJx9baqM1a1w8RNtKT0DDy11Q,2021-01-26,1,23,-14,3,-17,11
GH,Ghana,,,,,,ChIJx9baqM1a1w8RNtKT0DDy11Q,2021-01-27,-1,21,-13,3,-16,12
GH,Ghana,,,,,,ChIJx9baqM1a1w8RNtKT0DDy11Q,2021-01-28,-1,24,-16,2,-17,11
GH,Ghana,,,,,,ChIJx9baqM1a1w8RNtKT0DDy11Q,2021-01-29,-1,19,-14,7,-15,10
GH,Ghana,,,,,,ChIJx9baqM1a1w8RNtKT0DDy11Q,2021-01-30,0,27,-11,5,-14,6
GH,Ghana,,,,,,ChIJx9baqM1a1w8RNtKT0DDy11Q,2021-01-31,-3,27,-14,4,-13,7
GH,Ghana,,,,,,ChIJx9baqM1a1w8RNtKT0DDy11Q,2021-02-01,0,28,-17,3,-16,8
GH,Ghana,,,,,,ChIJx9baqM1a1w8RNtKT0DDy11Q,2021-02-02,0,27,-15,5,-17,9
GH,Ghana,,,,,,ChIJx9baqM1a1w8RNtKT0DDy11Q,2021-02-03,-3,24,-17,1,-16,10
GH,Ghana,,,,,,ChIJx9baqM1a1w8RNtKT0DDy11Q,2021-02-04,-5,23,-18,-1,-18,11
GH,Ghana,,,,,,ChIJx9baqM1a1w8RNtKT0DDy11Q,2021-02-05,-7,17,-16,0,-15,11
GH,Ghana,,,,,,ChIJx9baqM1a1w8RNtKT0DDy11Q,2021-02-06,-7,22,-15,-1,-12,10
GH,Ghana,,,,,,ChIJx9baqM1a1w8RNtKT0DDy11Q,2021-02-07,-11,18,-15,-2,-11,11
GH,Ghana,,,,,,ChIJx9baqM1a1w8RNtKT0DDy11Q,2021-02-08,-5,23,-17,1,-17,11
GH,Ghana,,,,,,ChIJx9baqM1a1w8RNtKT0DDy11Q,2021-02-09,-1,27,-15,3,-16,10
GH,Ghana,,,,,,ChIJx9baqM1a1w8RNtKT0DDy11Q,2021-02-10,-2,24,-16,1,-15,11
GH,Ghana,,,,,,ChIJx9baqM1a1w8RNtKT0DDy11Q,2021-02-11,-3,26,-24,-2,-16,11
GH,Ghana,,,,,,ChIJx9baqM1a1w8RNtKT0DDy11Q,2021-02-12,-3,21,-27,1,-13,10
GH,Ghana,,,,,,ChIJx9baqM1a1w8RNtKT0DDy11Q,2021-02-13,-4,27,-26,-4,-12,9
GH,Ghana,,,,,,ChIJx9baqM1a1w8RNtKT0DDy11Q,2021-02-14,7,31,-19,2,-10,8
GH,Ghana,,,,,,ChIJx9baqM1a1w8RNtKT0DDy11Q,2021-02-15,-2,25,-30,2,-14,9
GH,Ghana,,,,,,ChIJx9baqM1a1w8RNtKT0DDy11Q,2021-02-16,-1,25,-30,2,-15,10
GH,Ghana,,,,,,ChIJx9baqM1a1w8RNtKT0DDy11Q,2021-02-17,-2,25,-32,3,-13,10
GH,Ghana,,,,,,ChIJx9baqM1a1w8RNtKT0DDy11Q,2021-02-18,-3,26,-30,0,-14,11
GH,Ghana,,,,,,ChIJx9baqM1a1w8RNtKT0DDy11Q,2021-02-19,-3,24,-27,4,-10,10
GH,Ghana,,,,,,ChIJx9baqM1a1w8RNtKT0DDy11Q,2021-02-20,-5,27,-25,-2,-8,9
GH,Ghana,,,,,,ChIJx9baqM1a1w8RNtKT0DDy11Q,2021-02-21,-8,24,-24,-3,-9,10
GH,Ghana,,,,,,ChIJx9baqM1a1w8RNtKT0DDy11Q,2021-02-22,-2,27,-31,2,-11,10
GH,Ghana,,,,,,ChIJx9baqM1a1w8RNtKT0DDy11Q,2021-02-23,0,27,-28,3,-12,9
GH,Ghana,,,,,,ChIJx9baqM1a1w8RNtKT0DDy11Q,2021-02-24,0,28,-30,3,-11,11
GH,Ghana,,,,,,ChIJx9baqM1a1w8RNtKT0DDy11Q,2021-02-25,-3,25,-32,-1,-14,11
GH,Ghana,,,,,,ChIJx9baqM1a1w8RNtKT0DDy11Q,2021-02-26,2,28,-25,6,-9,9
GH,Ghana,,,,,,ChIJx9baqM1a1w8RNtKT0DDy11Q,2021-02-27,0,32,-24,2,-9,7
GH,Ghana,,,,,,ChIJx9baqM1a1w8RNtKT0DDy11Q,2021-02-28,-2,29,-22,3,-9,8
GH,Ghana,,,,,,ChIJx9baqM1a1w8RNtKT0DDy11Q,2021-03-01,3,35,-28,8,-10,9
GH,Ghana,,,,,,ChIJx9baqM1a1w8RNtKT0DDy11Q,2021-03-02,5,35,-28,10,-10,9
GH,Ghana,,,,,,ChIJx9baqM1a1w8RNtKT0DDy11Q,2021-03-03,4,34,-29,9,-10,9
GH,Ghana,,,,,,ChIJx9baqM1a1w8RNtKT0DDy11Q,2021-03-04,2,34,-28,8,-12,10
GH,Ghana,,,,,,ChIJx9baqM1a1w8RNtKT0DDy11Q,2021-03-05,4,31,-23,13,-10,9
GH,Ghana,,,,,,ChIJx9baqM1a1w8RNtKT0DDy11Q,2021-03-06,2,35,-20,7,-11,7
GH,Ghana,,,,,,ChIJx9baqM1a1w8RNtKT0DDy11Q,2021-03-07,-3,25,-20,-1,-12,6
GH,Ghana,,,,,,ChIJx9baqM1a1w8RNtKT0DDy11Q,2021-03-08,1,29,-25,0,-53,18
GH,Ghana,,,,,,ChIJx9baqM1a1w8RNtKT0DDy11Q,2021-03-09,5,36,-25,12,-12,8
GH,Ghana,,,,,,ChIJx9baqM1a1w8RNtKT0DDy11Q,2021-03-10,3,29,-30,9,-11,10
GH,Ghana,,,,,,ChIJx9baqM1a1w8RNtKT0DDy11Q,2021-03-11,2,33,-27,8,-11,10
GH,Ghana,,,,,,ChIJx9baqM1a1w8RNtKT0DDy11Q,2021-03-12,2,28,-25,10,-7,10
GH,Ghana,,,,,,ChIJx9baqM1a1w8RNtKT0DDy11Q,2021-03-13,0,31,-22,3,-7,8
GH,Ghana,,,,,,ChIJx9baqM1a1w8RNtKT0DDy11Q,2021-03-14,-5,25,-23,2,-10,10
GH,Ghana,,,,,,ChIJx9baqM1a1w8RNtKT0DDy11Q,2021-03-15,5,36,-26,10,-9,10
GH,Ghana,,,,,,ChIJx9baqM1a1w8RNtKT0DDy11Q,2021-03-16,6,36,-25,13,-9,9
GH,Ghana,,,,,,ChIJx9baqM1a1w8RNtKT0DDy11Q,2021-03-17,4,34,-28,11,-9,10
GH,Ghana,,,,,,ChIJx9baqM1a1w8RNtKT0DDy11Q,2021-03-18,4,37,-27,12,-11,10
GH,Ghana,,,,,,ChIJx9baqM1a1w8RNtKT0DDy11Q,2021-03-19,6,34,-22,15,-6,9
GH,Ghana,,,,,,ChIJx9baqM1a1w8RNtKT0DDy11Q,2021-03-20,4,38,-18,7,-5,8
GH,Ghana,,,,,,ChIJx9baqM1a1w8RNtKT0DDy11Q,2021-03-21,2,35,-18,8,-6,9
GH,Ghana,,,,,,ChIJx9baqM1a1w8RNtKT0DDy11Q,2021-03-22,5,36,-26,12,-6,10
GH,Ghana,,,,,,ChIJx9baqM1a1w8RNtKT0DDy11Q,2021-03-23,5,37,-26,13,-7,9
GH,Ghana,,,,,,ChIJx9baqM1a1w8RNtKT0DDy11Q,2021-03-24,4,36,-28,11,-7,9
GH,Ghana,,,,,,ChIJx9baqM1a1w8RNtKT0DDy11Q,2021-03-25,6,41,-25,13,-8,9
GH,Ghana,,,,,,ChIJx9baqM1a1w8RNtKT0DDy11Q,2021-03-26,7,37,-22,17,-5,8
GH,Ghana,,,,,,ChIJx9baqM1a1w8RNtKT0DDy11Q,2021-03-27,4,37,-18,8,-7,6
GH,Ghana,,,,,,ChIJx9baqM1a1w8RNtKT0DDy11Q,2021-03-28,0,32,-20,7,-8,7
GH,Ghana,,,,,,ChIJx9baqM1a1w8RNtKT0DDy11Q,2021-03-29,8,41,-24,14,-5,8
GH,Ghana,,,,,,ChIJx9baqM1a1w8RNtKT0DDy11Q,2021-03-30,10,43,-23,17,-6,8
GH,Ghana,,,,,,ChIJx9baqM1a1w8RNtKT0DDy11Q,2021-03-31,14,48,-20,21,-6,7
GH,Ghana,,,,,,ChIJx9baqM1a1w8RNtKT0DDy11Q,2021-04-01,21,61,-13,32,-10,5
GH,Ghana,,,,,,ChIJx9baqM1a1w8RNtKT0DDy11Q,2021-04-02,0,27,-23,5,-51,18
GH,Ghana,,,,,,ChIJx9baqM1a1w8RNtKT0DDy11Q,2021-04-03,6,41,-20,6,-15,9
GH,Ghana,,,,,,ChIJx9baqM1a1w8RNtKT0DDy11Q,2021-04-04,9,39,-16,6,-12,6
GH,Ghana,,,,,,ChIJx9baqM1a1w8RNtKT0DDy11Q,2021-04-05,6,33,-22,3,-59,20
GH,Ghana,,,,,,ChIJx9baqM1a1w8RNtKT0DDy11Q,2021-04-06,15,48,-21,26,-10,7
GH,Ghana,,,,,,ChIJx9baqM1a1w8RNtKT0DDy11Q,2021-04-07,12,44,-24,18,-7,9
GH,Ghana,,,,,,ChIJx9baqM1a1w8RNtKT0DDy11Q,2021-04-08,8,42,-24,14,-8,10
GH,Ghana,,,,,,ChIJx9baqM1a1w8RNtKT0DDy11Q,2021-04-09,9,38,-20,15,-4,10
GH,Ghana,,,,,,ChIJx9baqM1a1w8RNtKT0DDy11Q,2021-04-10,8,41,-18,9,-4,7
GH,Ghana,,,,,,ChIJx9baqM1a1w8RNtKT0DDy11Q,2021-04-11,5,38,-19,8,-5,9
GH,Ghana,,,,,,ChIJx9baqM1a1w8RNtKT0DDy11Q,2021-04-12,9,40,-26,13,-5,9
GH,Ghana,,,,,,ChIJx9baqM1a1w8RNtKT0DDy11Q,2021-04-13,10,43,-24,14,-6,8
GH,Ghana,,,,,,ChIJx9baqM1a1w8RNtKT0DDy11Q,2021-04-14,11,43,-25,15,-6,9
GH,Ghana,,,,,,ChIJx9baqM1a1w8RNtKT0DDy11Q,2021-04-15,10,44,-25,13,-6,10
GH,Ghana,,,,,,ChIJx9baqM1a1w8RNtKT0DDy11Q,2021-04-16,8,40,-22,16,-3,10
GH,Ghana,,,,,,ChIJx9baqM1a1w8RNtKT0DDy11Q,2021-04-17,6,42,-20,10,-4,8
GH,Ghana,,,,,,ChIJx9baqM1a1w8RNtKT0DDy11Q,2021-04-18,-1,33,-21,6,-7,10
GH,Ghana,,,,,,ChIJx9baqM1a1w8RNtKT0DDy11Q,2021-04-19,10,46,-24,16,-6,10
GH,Ghana,,,,,,ChIJx9baqM1a1w8RNtKT0DDy11Q,2021-04-20,11,48,-21,18,-7,10
GH,Ghana,,,,,,ChIJx9baqM1a1w8RNtKT0DDy11Q,2021-04-21,11,45,-25,16,-7,10
GH,Ghana,,,,,,ChIJx9baqM1a1w8RNtKT0DDy11Q,2021-04-22,10,45,-23,13,-9,11
GH,Ghana,,,,,,ChIJx9baqM1a1w8RNtKT0DDy11Q,2021-04-23,10,42,-16,19,-4,10
GH,Ghana,,,,,,ChIJx9baqM1a1w8RNtKT0DDy11Q,2021-04-24,8,45,-15,12,-4,7
GH,Ghana,,,,,,ChIJx9baqM1a1w8RNtKT0DDy11Q,2021-04-25,7,45,-16,12,-4,8
GH,Ghana,,,Accra Metropolitan Area,,,ChIJ6fNExKqb3w8RGqR8UDG1n5Q,2021-01-01,-7,13,-8,-6,-66,26
GH,Ghana,,,Accra Metropolitan Area,,,ChIJ6fNExKqb3w8RGqR8UDG1n5Q,2021-01-02,2,35,-10,3,-14,15
GH,Ghana,,,Accra Metropolitan Area,,,ChIJ6fNExKqb3w8RGqR8UDG1n5Q,2021-01-03,7,43,-10,10,10,10
GH,Ghana,,,Accra Metropolitan Area,,,ChIJ6fNExKqb3w8RGqR8UDG1n5Q,2021-01-04,6,38,-12,9,-18,18
GH,Ghana,,,Accra Metropolitan Area,,,ChIJ6fNExKqb3w8RGqR8UDG1n5Q,2021-01-05,6,42,-10,11,-15,17
GH,Ghana,,,Accra Metropolitan Area,,,ChIJ6fNExKqb3w8RGqR8UDG1n5Q,2021-01-06,12,51,-12,11,-13,16
GH,Ghana,,,Accra Metropolitan Area,,,ChIJ6fNExKqb3w8RGqR8UDG1n5Q,2021-01-07,-7,22,-22,-10,-55,31
GH,Ghana,,,Accra Metropolitan Area,,,ChIJ6fNExKqb3w8RGqR8UDG1n5Q,2021-01-08,7,45,-10,9,-10,17
GH,Ghana,,,Accra Metropolitan Area,,,ChIJ6fNExKqb3w8RGqR8UDG1n5Q,2021-01-09,8,47,-15,9,5,11
GH,Ghana,,,Accra Metropolitan Area,,,ChIJ6fNExKqb3w8RGqR8UDG1n5Q,2021-01-10,9,40,-20,6,12,10
GH,Ghana,,,Accra Metropolitan Area,,,ChIJ6fNExKqb3w8RGqR8UDG1n5Q,2021-01-11,12,47,-7,14,-8,13
GH,Ghana,,,Accra Metropolitan Area,,,ChIJ6fNExKqb3w8RGqR8UDG1n5Q,2021-01-12,10,45,-10,9,-9,13
GH,Ghana,,,Accra Metropolitan Area,,,ChIJ6fNExKqb3w8RGqR8UDG1n5Q,2021-01-13,9,43,-16,6,-11,12
GH,Ghana,,,Accra Metropolitan Area,,,ChIJ6fNExKqb3w8RGqR8UDG1n5Q,2021-01-14,4,35,-22,0,-16,13
GH,Ghana,,,Accra Metropolitan Area,,,ChIJ6fNExKqb3w8RGqR8UDG1n5Q,2021-01-15,1,32,-20,0,-15,13
GH,Ghana,,,Accra Metropolitan Area,,,ChIJ6fNExKqb3w8RGqR8UDG1n5Q,2021-01-16,0,36,-24,-2,-7,10
GH,Ghana,,,Accra Metropolitan Area,,,ChIJ6fNExKqb3w8RGqR8UDG1n5Q,2021-01-17,1,37,-27,-4,0,10
GH,Ghana,,,Accra Metropolitan Area,,,ChIJ6fNExKqb3w8RGqR8UDG1n5Q,2021-01-18,4,35,-23,1,-14,11
GH,Ghana,,,Accra Metropolitan Area,,,ChIJ6fNExKqb3w8RGqR8UDG1n5Q,2021-01-19,2,34,-21,-3,-15,12
GH,Ghana,,,Accra Metropolitan Area,,,ChIJ6fNExKqb3w8RGqR8UDG1n5Q,2021-01-20,1,33,-22,-5,-14,13
GH,Ghana,,,Accra Metropolitan Area,,,ChIJ6fNExKqb3w8RGqR8UDG1n5Q,2021-01-21,0,31,-23,-7,-14,14
GH,Ghana,,,Accra Metropolitan Area,,,ChIJ6fNExKqb3w8RGqR8UDG1n5Q,2021-01-22,-1,32,-18,-3,-12,14
GH,Ghana,,,Accra Metropolitan Area,,,ChIJ6fNExKqb3w8RGqR8UDG1n5Q,2021-01-23,-1,38,-26,-4,-4,12
GH,Ghana,,,Accra Metropolitan Area,,,ChIJ6fNExKqb3w8RGqR8UDG1n5Q,2021-01-24,0,35,-29,-6,2,12
GH,Ghana,,,Accra Metropolitan Area,,,ChIJ6fNExKqb3w8RGqR8UDG1n5Q,2021-01-25,3,34,-23,-1,-12,12
GH,Ghana,,,Accra Metropolitan Area,,,ChIJ6fNExKqb3w8RGqR8UDG1n5Q,2021-01-26,2,36,-19,-1,-13,13
GH,Ghana,,,Accra Metropolitan Area,,,ChIJ6fNExKqb3w8RGqR8UDG1n5Q,2021-01-27,1,34,-15,-3,-12,14
GH,Ghana,,,Accra Metropolitan Area,,,ChIJ6fNExKqb3w8RGqR8UDG1n5Q,2021-01-28,1,32,-25,-4,-13,14
GH,Ghana,,,Accra Metropolitan Area,,,ChIJ6fNExKqb3w8RGqR8UDG1n5Q,2021-01-29,0,35,-19,2,-12,12
GH,Ghana,,,Accra Metropolitan Area,,,ChIJ6fNExKqb3w8RGqR8UDG1n5Q,2021-01-30,1,42,-21,1,-6,7
GH,Ghana,,,Accra Metropolitan Area,,,ChIJ6fNExKqb3w8RGqR8UDG1n5Q,2021-01-31,-1,41,-27,-3,1,8
GH,Ghana,,,Accra Metropolitan Area,,,ChIJ6fNExKqb3w8RGqR8UDG1n5Q,2021-02-01,2,39,-23,-1,-12,10
GH,Ghana,,,Accra Metropolitan Area,,,ChIJ6fNExKqb3w8RGqR8UDG1n5Q,2021-02-02,2,40,-19,0,-13,11
GH,Ghana,,,Accra Metropolitan Area,,,ChIJ6fNExKqb3w8RGqR8UDG1n5Q,2021-02-03,1,37,-20,-4,-12,12
GH,Ghana,,,Accra Metropolitan Area,,,ChIJ6fNExKqb3w8RGqR8UDG1n5Q,2021-02-04,-1,33,-22,-5,-13,13
GH,Ghana,,,Accra Metropolitan Area,,,ChIJ6fNExKqb3w8RGqR8UDG1n5Q,2021-02-05,-5,31,-18,-4,-12,14
GH,Ghana,,,Accra Metropolitan Area,,,ChIJ6fNExKqb3w8RGqR8UDG1n5Q,2021-02-06,-4,37,-20,-4,-3,11
GH,Ghana,,,Accra Metropolitan Area,,,ChIJ6fNExKqb3w8RGqR8UDG1n5Q,2021-02-07,-7,30,-24,-8,1,12
GH,Ghana,,,Accra Metropolitan Area,,,ChIJ6fNExKqb3w8RGqR8UDG1n5Q,2021-02-08,-2,33,-20,-2,-13,13
GH,Ghana,,,Accra Metropolitan Area,,,ChIJ6fNExKqb3w8RGqR8UDG1n5Q,2021-02-09,2,42,-16,-2,-13,12
GH,Ghana,,,Accra Metropolitan Area,,,ChIJ6fNExKqb3w8RGqR8UDG1n5Q,2021-02-10,2,39,-16,-3,-12,13
GH,Ghana,,,Accra Metropolitan Area,,,ChIJ6fNExKqb3w8RGqR8UDG1n5Q,2021-02-11,1,37,-28,-6,-13,13
GH,Ghana,,,Accra Metropolitan Area,,,ChIJ6fNExKqb3w8RGqR8UDG1n5Q,2021-02-12,0,40,-31,-3,-10,12
GH,Ghana,,,Accra Metropolitan Area,,,ChIJ6fNExKqb3w8RGqR8UDG1n5Q,2021-02-13,1,46,-30,-6,-2,9
GH,Ghana,,,Accra Metropolitan Area,,,ChIJ6fNExKqb3w8RGqR8UDG1n5Q,2021-02-14,14,50,-27,-5,5,8
GH,Ghana,,,Accra Metropolitan Area,,,ChIJ6fNExKqb3w8RGqR8UDG1n5Q,2021-02-15,3,39,-35,-2,-10,11
GH,Ghana,,,Accra Metropolitan Area,,,ChIJ6fNExKqb3w8RGqR8UDG1n5Q,2021-02-16,3,42,-34,-2,-11,11
GH,Ghana,,,Accra Metropolitan Area,,,ChIJ6fNExKqb3w8RGqR8UDG1n5Q,2021-02-17,3,42,-34,-2,-9,11
GH,Ghana,,,Accra Metropolitan Area,,,ChIJ6fNExKqb3w8RGqR8UDG1n5Q,2021-02-18,0,38,-37,-5,-10,13
GH,Ghana,,,Accra Metropolitan Area,,,ChIJ6fNExKqb3w8RGqR8UDG1n5Q,2021-02-19,0,42,-31,-1,-7,12
GH,Ghana,,,Accra Metropolitan Area,,,ChIJ6fNExKqb3w8RGqR8UDG1n5Q,2021-02-20,0,46,-30,-4,1,10
GH,Ghana,,,Accra Metropolitan Area,,,ChIJ6fNExKqb3w8RGqR8UDG1n5Q,2021-02-21,-3,41,-31,-9,4,10
GH,Ghana,,,Accra Metropolitan Area,,,ChIJ6fNExKqb3w8RGqR8UDG1n5Q,2021-02-22,1,41,-36,-3,-8,11
GH,Ghana,,,Accra Metropolitan Area,,,ChIJ6fNExKqb3w8RGqR8UDG1n5Q,2021-02-23,3,42,-32,-1,-8,10
GH,Ghana,,,Accra Metropolitan Area,,,ChIJ6fNExKqb3w8RGqR8UDG1n5Q,2021-02-24,5,44,-35,-4,-7,11
GH,Ghana,,,Accra Metropolitan Area,,,ChIJ6fNExKqb3w8RGqR8UDG1n5Q,2021-02-25,0,34,-38,-8,-10,13
GH,Ghana,,,Accra Metropolitan Area,,,ChIJ6fNExKqb3w8RGqR8UDG1n5Q,2021-02-26,5,47,-29,1,-6,11
GH,Ghana,,,Accra Metropolitan Area,,,ChIJ6fNExKqb3w8RGqR8UDG1n5Q,2021-02-27,4,50,-30,-1,0,8
GH,Ghana,,,Accra Metropolitan Area,,,ChIJ6fNExKqb3w8RGqR8UDG1n5Q,2021-02-28,5,45,-29,-4,5,8
GH,Ghana,,,Accra Metropolitan Area,,,ChIJ6fNExKqb3w8RGqR8UDG1n5Q,2021-03-01,8,48,-34,2,-6,9
GH,Ghana,,,Accra Metropolitan Area,,,ChIJ6fNExKqb3w8RGqR8UDG1n5Q,2021-03-02,9,51,-31,4,-7,9
GH,Ghana,,,Accra Metropolitan Area,,,ChIJ6fNExKqb3w8RGqR8UDG1n5Q,2021-03-03,9,50,-32,2,-6,9
GH,Ghana,,,Accra Metropolitan Area,,,ChIJ6fNExKqb3w8RGqR8UDG1n5Q,2021-03-04,6,46,-34,1,-8,11
GH,Ghana,,,Accra Metropolitan Area,,,ChIJ6fNExKqb3w8RGqR8UDG1n5Q,2021-03-05,8,51,-26,7,-7,10
GH,Ghana,,,Accra Metropolitan Area,,,ChIJ6fNExKqb3w8RGqR8UDG1n5Q,2021-03-06,7,54,-25,3,-2,7
GH,Ghana,,,Accra Metropolitan Area,,,ChIJ6fNExKqb3w8RGqR8UDG1n5Q,2021-03-07,4,41,-28,-7,2,6
GH,Ghana,,,Accra Metropolitan Area,,,ChIJ6fNExKqb3w8RGqR8UDG1n5Q,2021-03-08,5,41,-31,-7,-56,20
GH,Ghana,,,Accra Metropolitan Area,,,ChIJ6fNExKqb3w8RGqR8UDG1n5Q,2021-03-09,8,51,-29,5,-7,8
GH,Ghana,,,Accra Metropolitan Area,,,ChIJ6fNExKqb3w8RGqR8UDG1n5Q,2021-03-10,9,45,-33,2,-6,10
GH,Ghana,,,Accra Metropolitan Area,,,ChIJ6fNExKqb3w8RGqR8UDG1n5Q,2021-03-11,7,45,-32,2,-6,11
GH,Ghana,,,Accra Metropolitan Area,,,ChIJ6fNExKqb3w8RGqR8UDG1n5Q,2021-03-12,5,45,-29,5,-4,11
GH,Ghana,,,Accra Metropolitan Area,,,ChIJ6fNExKqb3w8RGqR8UDG1n5Q,2021-03-13,4,47,-28,-1,2,9
GH,Ghana,,,Accra Metropolitan Area,,,ChIJ6fNExKqb3w8RGqR8UDG1n5Q,2021-03-14,1,42,-29,-4,4,10
GH,Ghana,,,Accra Metropolitan Area,,,ChIJ6fNExKqb3w8RGqR8UDG1n5Q,2021-03-15,10,47,-31,4,-5,10
GH,Ghana,,,Accra Metropolitan Area,,,ChIJ6fNExKqb3w8RGqR8UDG1n5Q,2021-03-16,9,52,-29,6,-5,10
GH,Ghana,,,Accra Metropolitan Area,,,ChIJ6fNExKqb3w8RGqR8UDG1n5Q,2021-03-17,7,47,-31,3,-5,11
GH,Ghana,,,Accra Metropolitan Area,,,ChIJ6fNExKqb3w8RGqR8UDG1n5Q,2021-03-18,8,49,-30,5,-6,11
GH,Ghana,,,Accra Metropolitan Area,,,ChIJ6fNExKqb3w8RGqR8UDG1n5Q,2021-03-19,9,52,-25,8,-2,11
GH,Ghana,,,Accra Metropolitan Area,,,ChIJ6fNExKqb3w8RGqR8UDG1n5Q,2021-03-20,9,56,-25,3,4,8
GH,Ghana,,,Accra Metropolitan Area,,,ChIJ6fNExKqb3w8RGqR8UDG1n5Q,2021-03-21,8,52,-25,0,7,8
GH,Ghana,,,Accra Metropolitan Area,,,ChIJ6fNExKqb3w8RGqR8UDG1n5Q,2021-03-22,9,47,-31,6,-2,10
GH,Ghana,,,Accra Metropolitan Area,,,ChIJ6fNExKqb3w8RGqR8UDG1n5Q,2021-03-23,9,51,-28,7,-3,10
GH,Ghana,,,Accra Metropolitan Area,,,ChIJ6fNExKqb3w8RGqR8UDG1n5Q,2021-03-24,9,52,-31,5,-3,10
GH,Ghana,,,Accra Metropolitan Area,,,ChIJ6fNExKqb3w8RGqR8UDG1n5Q,2021-03-25,11,53,-29,6,-4,10
GH,Ghana,,,Accra Metropolitan Area,,,ChIJ6fNExKqb3w8RGqR8UDG1n5Q,2021-03-26,11,58,-25,11,-2,9
GH,Ghana,,,Accra Metropolitan Area,,,ChIJ6fNExKqb3w8RGqR8UDG1n5Q,2021-03-27,10,56,-23,4,2,6
GH,Ghana,,,Accra Metropolitan Area,,,ChIJ6fNExKqb3w8RGqR8UDG1n5Q,2021-03-28,7,49,-27,-1,5,7
GH,Ghana,,,Accra Metropolitan Area,,,ChIJ6fNExKqb3w8RGqR8UDG1n5Q,2021-03-29,12,55,-28,9,-2,8
GH,Ghana,,,Accra Metropolitan Area,,,ChIJ6fNExKqb3w8RGqR8UDG1n5Q,2021-03-30,14,60,-25,11,-2,8
GH,Ghana,,,Accra Metropolitan Area,,,ChIJ6fNExKqb3w8RGqR8UDG1n5Q,2021-03-31,19,64,-23,13,-2,7
GH,Ghana,,,Accra Metropolitan Area,,,ChIJ6fNExKqb3w8RGqR8UDG1n5Q,2021-04-01,27,72,-14,23,-4,6
GH,Ghana,,,Accra Metropolitan Area,,,ChIJ6fNExKqb3w8RGqR8UDG1n5Q,2021-04-02,2,44,-27,-1,-54,21
GH,Ghana,,,Accra Metropolitan Area,,,ChIJ6fNExKqb3w8RGqR8UDG1n5Q,2021-04-03,10,57,-27,1,-8,9
GH,Ghana,,,Accra Metropolitan Area,,,ChIJ6fNExKqb3w8RGqR8UDG1n5Q,2021-04-04,15,54,-26,-1,2,5
GH,Ghana,,,Accra Metropolitan Area,,,ChIJ6fNExKqb3w8RGqR8UDG1n5Q,2021-04-05,9,42,-29,-6,-63,23
GH,Ghana,,,Accra Metropolitan Area,,,ChIJ6fNExKqb3w8RGqR8UDG1n5Q,2021-04-06,18,63,-23,18,-5,7
GH,Ghana,,,Accra Metropolitan Area,,,ChIJ6fNExKqb3w8RGqR8UDG1n5Q,2021-04-07,17,61,-25,10,-3,9
GH,Ghana,,,Accra Metropolitan Area,,,ChIJ6fNExKqb3w8RGqR8UDG1n5Q,2021-04-08,14,54,-28,7,-4,11
GH,Ghana,,,Accra Metropolitan Area,,,ChIJ6fNExKqb3w8RGqR8UDG1n5Q,2021-04-09,14,58,-22,9,-1,10
GH,Ghana,,,Accra Metropolitan Area,,,ChIJ6fNExKqb3w8RGqR8UDG1n5Q,2021-04-10,15,59,-23,5,5,7
GH,Ghana,,,Accra Metropolitan Area,,,ChIJ6fNExKqb3w8RGqR8UDG1n5Q,2021-04-11,13,55,-26,1,7,8
GH,Ghana,,,Accra Metropolitan Area,,,ChIJ6fNExKqb3w8RGqR8UDG1n5Q,2021-04-12,15,54,-30,7,-1,8
GH,Ghana,,,Accra Metropolitan Area,,,ChIJ6fNExKqb3w8RGqR8UDG1n5Q,2021-04-13,15,60,-27,7,-2,7
GH,Ghana,,,Accra Metropolitan Area,,,ChIJ6fNExKqb3w8RGqR8UDG1n5Q,2021-04-14,17,60,-26,7,-2,9
GH,Ghana,,,Accra Metropolitan Area,,,ChIJ6fNExKqb3w8RGqR8UDG1n5Q,2021-04-15,17,58,-26,6,-2,10
GH,Ghana,,,Accra Metropolitan Area,,,ChIJ6fNExKqb3w8RGqR8UDG1n5Q,2021-04-16,14,59,-23,9,1,11
GH,Ghana,,,Accra Metropolitan Area,,,ChIJ6fNExKqb3w8RGqR8UDG1n5Q,2021-04-17,14,60,-20,5,6,8
GH,Ghana,,,Accra Metropolitan Area,,,ChIJ6fNExKqb3w8RGqR8UDG1n5Q,2021-04-18,7,49,-26,-2,7,10
GH,Ghana,,,Accra Metropolitan Area,,,ChIJ6fNExKqb3w8RGqR8UDG1n5Q,2021-04-19,16,60,-26,8,-2,10
GH,Ghana,,,Accra Metropolitan Area,,,ChIJ6fNExKqb3w8RGqR8UDG1n5Q,2021-04-20,18,65,-22,9,-2,10
GH,Ghana,,,Accra Metropolitan Area,,,ChIJ6fNExKqb3w8RGqR8UDG1n5Q,2021-04-21,18,63,-26,7,-2,10
GH,Ghana,,,Accra Metropolitan Area,,,ChIJ6fNExKqb3w8RGqR8UDG1n5Q,2021-04-22,17,61,-25,6,-2,12
GH,Ghana,,,Accra Metropolitan Area,,,ChIJ6fNExKqb3w8RGqR8UDG1n5Q,2021-04-23,15,63,-19,10,0,12
GH,Ghana,,,Accra Metropolitan Area,,,ChIJ6fNExKqb3w8RGqR8UDG1n5Q,2021-04-24,16,64,-21,5,5,7
GH,Ghana,,,Accra Metropolitan Area,,,ChIJ6fNExKqb3w8RGqR8UDG1n5Q,2021-04-25,16,64,-22,2,10,8
GH,Ghana,,,Kumasi Metropolitan Area,,,ChIJ05lJ3faW2w8RUO6U-21oRA8,2021-01-01,-6,-13,-21,-16,-62,18
GH,Ghana,,,Kumasi Metropolitan Area,,,ChIJ05lJ3faW2w8RUO6U-21oRA8,2021-01-02,8,-1,-13,-4,-20,12
GH,Ghana,,,Kumasi Metropolitan Area,,,ChIJ05lJ3faW2w8RUO6U-21oRA8,2021-01-03,9,19,-13,3,-12,6
GH,Ghana,,,Kumasi Metropolitan Area,,,ChIJ05lJ3faW2w8RUO6U-21oRA8,2021-01-04,14,14,-1,8,-20,13
GH,Ghana,,,Kumasi Metropolitan Area,,,ChIJ05lJ3faW2w8RUO6U-21oRA8,2021-01-05,13,16,1,11,-20,12
GH,Ghana,,,Kumasi Metropolitan Area,,,ChIJ05lJ3faW2w8RUO6U-21oRA8,2021-01-06,17,14,-14,7,-17,15
GH,Ghana,,,Kumasi Metropolitan Area,,,ChIJ05lJ3faW2w8RUO6U-21oRA8,2021-01-07,1,2,-18,-2,-40,20
GH,Ghana,,,Kumasi Metropolitan Area,,,ChIJ05lJ3faW2w8RUO6U-21oRA8,2021-01-08,14,12,2,6,-15,12
GH,Ghana,,,Kumasi Metropolitan Area,,,ChIJ05lJ3faW2w8RUO6U-21oRA8,2021-01-09,16,6,43,14,-4,8
GH,Ghana,,,Kumasi Metropolitan Area,,,ChIJ05lJ3faW2w8RUO6U-21oRA8,2021-01-10,8,15,26,9,-11,7
GH,Ghana,,,Kumasi Metropolitan Area,,,ChIJ05lJ3faW2w8RUO6U-21oRA8,2021-01-11,18,17,23,21,-15,10
GH,Ghana,,,Kumasi Metropolitan Area,,,ChIJ05lJ3faW2w8RUO6U-21oRA8,2021-01-12,17,11,30,17,-18,9
GH,Ghana,,,Kumasi Metropolitan Area,,,ChIJ05lJ3faW2w8RUO6U-21oRA8,2021-01-13,15,8,6,9,-17,9
GH,Ghana,,,Kumasi Metropolitan Area,,,ChIJ05lJ3faW2w8RUO6U-21oRA8,2021-01-14,9,5,18,4,-22,8
GH,Ghana,,,Kumasi Metropolitan Area,,,ChIJ05lJ3faW2w8RUO6U-21oRA8,2021-01-15,6,2,23,7,-23,9
GH,Ghana,,,Kumasi Metropolitan Area,,,ChIJ05lJ3faW2w8RUO6U-21oRA8,2021-01-16,6,-7,47,6,-18,8
GH,Ghana,,,Kumasi Metropolitan Area,,,ChIJ05lJ3faW2w8RUO6U-21oRA8,2021-01-17,-1,9,43,0,-21,7
GH,Ghana,,,Kumasi Metropolitan Area,,,ChIJ05lJ3faW2w8RUO6U-21oRA8,2021-01-18,10,4,33,12,-23,7
GH,Ghana,,,Kumasi Metropolitan Area,,,ChIJ05lJ3faW2w8RUO6U-21oRA8,2021-01-19,3,-3,26,5,-25,8
GH,Ghana,,,Kumasi Metropolitan Area,,,ChIJ05lJ3faW2w8RUO6U-21oRA8,2021-01-20,9,-1,1,4,-22,8
GH,Ghana,,,Kumasi Metropolitan Area,,,ChIJ05lJ3faW2w8RUO6U-21oRA8,2021-01-21,7,-1,15,1,-22,9
GH,Ghana,,,Kumasi Metropolitan Area,,,ChIJ05lJ3faW2w8RUO6U-21oRA8,2021-01-22,5,-5,17,2,-21,8
GH,Ghana,,,Kumasi Metropolitan Area,,,ChIJ05lJ3faW2w8RUO6U-21oRA8,2021-01-23,6,-7,24,-3,-17,10
GH,Ghana,,,Kumasi Metropolitan Area,,,ChIJ05lJ3faW2w8RUO6U-21oRA8,2021-01-24,-3,9,31,-3,-22,10
GH,Ghana,,,Kumasi Metropolitan Area,,,ChIJ05lJ3faW2w8RUO6U-21oRA8,2021-01-25,8,0,13,6,-20,8
GH,Ghana,,,Kumasi Metropolitan Area,,,ChIJ05lJ3faW2w8RUO6U-21oRA8,2021-01-26,10,-1,18,4,-22,9
GH,Ghana,,,Kumasi Metropolitan Area,,,ChIJ05lJ3faW2w8RUO6U-21oRA8,2021-01-27,11,-2,1,0,-19,10
GH,Ghana,,,Kumasi Metropolitan Area,,,ChIJ05lJ3faW2w8RUO6U-21oRA8,2021-01-28,9,0,14,0,-20,9
GH,Ghana,,,Kumasi Metropolitan Area,,,ChIJ05lJ3faW2w8RUO6U-21oRA8,2021-01-29,9,-1,14,0,-21,7
GH,Ghana,,,Kumasi Metropolitan Area,,,ChIJ05lJ3faW2w8RUO6U-21oRA8,2021-01-30,9,-4,30,2,-20,4
GH,Ghana,,,Kumasi Metropolitan Area,,,ChIJ05lJ3faW2w8RUO6U-21oRA8,2021-01-31,0,14,32,-7,-24,6
GH,Ghana,,,Kumasi Metropolitan Area,,,ChIJ05lJ3faW2w8RUO6U-21oRA8,2021-02-01,8,3,17,0,-21,5
GH,Ghana,,,Kumasi Metropolitan Area,,,ChIJ05lJ3faW2w8RUO6U-21oRA8,2021-02-02,11,4,23,7,-22,5
GH,Ghana,,,Kumasi Metropolitan Area,,,ChIJ05lJ3faW2w8RUO6U-21oRA8,2021-02-03,7,1,0,1,-19,7
GH,Ghana,,,Kumasi Metropolitan Area,,,ChIJ05lJ3faW2w8RUO6U-21oRA8,2021-02-04,3,-2,1,-3,-22,7
GH,Ghana,,,Kumasi Metropolitan Area,,,ChIJ05lJ3faW2w8RUO6U-21oRA8,2021-02-05,0,-3,3,-1,-21,7
GH,Ghana,,,Kumasi Metropolitan Area,,,ChIJ05lJ3faW2w8RUO6U-21oRA8,2021-02-06,-1,-8,10,-3,-16,10
GH,Ghana,,,Kumasi Metropolitan Area,,,ChIJ05lJ3faW2w8RUO6U-21oRA8,2021-02-07,-9,3,13,-6,-21,9
GH,Ghana,,,Kumasi Metropolitan Area,,,ChIJ05lJ3faW2w8RUO6U-21oRA8,2021-02-08,2,-1,0,3,-21,7
GH,Ghana,,,Kumasi Metropolitan Area,,,ChIJ05lJ3faW2w8RUO6U-21oRA8,2021-02-09,5,2,10,7,-22,7
GH,Ghana,,,Kumasi Metropolitan Area,,,ChIJ05lJ3faW2w8RUO6U-21oRA8,2021-02-10,8,-1,-5,-2,-19,8
GH,Ghana,,,Kumasi Metropolitan Area,,,ChIJ05lJ3faW2w8RUO6U-21oRA8,2021-02-11,6,1,-1,-1,-19,8
GH,Ghana,,,Kumasi Metropolitan Area,,,ChIJ05lJ3faW2w8RUO6U-21oRA8,2021-02-12,5,1,4,-2,-18,6
GH,Ghana,,,Kumasi Metropolitan Area,,,ChIJ05lJ3faW2w8RUO6U-21oRA8,2021-02-13,0,-5,10,-6,-18,9
GH,Ghana,,,Kumasi Metropolitan Area,,,ChIJ05lJ3faW2w8RUO6U-21oRA8,2021-02-14,12,18,22,4,-21,7
GH,Ghana,,,Kumasi Metropolitan Area,,,ChIJ05lJ3faW2w8RUO6U-21oRA8,2021-02-15,4,-1,-8,4,-18,8
GH,Ghana,,,Kumasi Metropolitan Area,,,ChIJ05lJ3faW2w8RUO6U-21oRA8,2021-02-16,6,0,1,1,-20,8
GH,Ghana,,,Kumasi Metropolitan Area,,,ChIJ05lJ3faW2w8RUO6U-21oRA8,2021-02-17,7,-1,-13,-2,-15,9
GH,Ghana,,,Kumasi Metropolitan Area,,,ChIJ05lJ3faW2w8RUO6U-21oRA8,2021-02-18,9,0,1,2,-17,7
GH,Ghana,,,Kumasi Metropolitan Area,,,ChIJ05lJ3faW2w8RUO6U-21oRA8,2021-02-19,6,1,8,1,-15,7
GH,Ghana,,,Kumasi Metropolitan Area,,,ChIJ05lJ3faW2w8RUO6U-21oRA8,2021-02-20,3,-4,7,-5,-13,9
GH,Ghana,,,Kumasi Metropolitan Area,,,ChIJ05lJ3faW2w8RUO6U-21oRA8,2021-02-21,-6,8,12,-8,-19,8
GH,Ghana,,,Kumasi Metropolitan Area,,,ChIJ05lJ3faW2w8RUO6U-21oRA8,2021-02-22,6,1,-3,0,-15,8
GH,Ghana,,,Kumasi Metropolitan Area,,,ChIJ05lJ3faW2w8RUO6U-21oRA8,2021-02-23,8,2,3,1,-16,7
GH,Ghana,,,Kumasi Metropolitan Area,,,ChIJ05lJ3faW2w8RUO6U-21oRA8,2021-02-24,9,4,-6,1,-14,10
GH,Ghana,,,Kumasi Metropolitan Area,,,ChIJ05lJ3faW2w8RUO6U-21oRA8,2021-02-25,8,2,6,1,-17,10
GH,Ghana,,,Kumasi Metropolitan Area,,,ChIJ05lJ3faW2w8RUO6U-21oRA8,2021-02-26,8,2,5,2,-14,10
GH,Ghana,,,Kumasi Metropolitan Area,,,ChIJ05lJ3faW2w8RUO6U-21oRA8,2021-02-27,4,-2,6,-3,-15,11
GH,Ghana,,,Kumasi Metropolitan Area,,,ChIJ05lJ3faW2w8RUO6U-21oRA8,2021-02-28,-7,14,11,-5,-20,10
GH,Ghana,,,Kumasi Metropolitan Area,,,ChIJ05lJ3faW2w8RUO6U-21oRA8,2021-03-01,7,6,-3,6,-15,11
GH,Ghana,,,Kumasi Metropolitan Area,,,ChIJ05lJ3faW2w8RUO6U-21oRA8,2021-03-02,9,7,7,8,-15,11
GH,Ghana,,,Kumasi Metropolitan Area,,,ChIJ05lJ3faW2w8RUO6U-21oRA8,2021-03-03,12,7,-9,3,-13,12
GH,Ghana,,,Kumasi Metropolitan Area,,,ChIJ05lJ3faW2w8RUO6U-21oRA8,2021-03-04,8,8,0,3,-17,11
GH,Ghana,,,Kumasi Metropolitan Area,,,ChIJ05lJ3faW2w8RUO6U-21oRA8,2021-03-05,7,7,2,10,-17,9
GH,Ghana,,,Kumasi Metropolitan Area,,,ChIJ05lJ3faW2w8RUO6U-21oRA8,2021-03-06,6,2,11,5,-18,10
GH,Ghana,,,Kumasi Metropolitan Area,,,ChIJ05lJ3faW2w8RUO6U-21oRA8,2021-03-07,0,13,14,-11,-23,7
GH,Ghana,,,Kumasi Metropolitan Area,,,ChIJ05lJ3faW2w8RUO6U-21oRA8,2021-03-08,4,7,3,7,-49,18
GH,Ghana,,,Kumasi Metropolitan Area,,,ChIJ05lJ3faW2w8RUO6U-21oRA8,2021-03-09,15,13,19,23,-17,9
GH,Ghana,,,Kumasi Metropolitan Area,,,ChIJ05lJ3faW2w8RUO6U-21oRA8,2021-03-10,10,6,-8,8,-14,12
GH,Ghana,,,Kumasi Metropolitan Area,,,ChIJ05lJ3faW2w8RUO6U-21oRA8,2021-03-11,10,7,3,11,-15,11
GH,Ghana,,,Kumasi Metropolitan Area,,,ChIJ05lJ3faW2w8RUO6U-21oRA8,2021-03-12,8,6,5,6,-14,11
GH,Ghana,,,Kumasi Metropolitan Area,,,ChIJ05lJ3faW2w8RUO6U-21oRA8,2021-03-13,9,1,16,-1,-13,10
GH,Ghana,,,Kumasi Metropolitan Area,,,ChIJ05lJ3faW2w8RUO6U-21oRA8,2021-03-14,-12,8,5,-11,-24,13
GH,Ghana,,,Kumasi Metropolitan Area,,,ChIJ05lJ3faW2w8RUO6U-21oRA8,2021-03-15,14,14,4,11,-14,9
GH,Ghana,,,Kumasi Metropolitan Area,,,ChIJ05lJ3faW2w8RUO6U-21oRA8,2021-03-16,18,15,17,17,-16,9
GH,Ghana,,,Kumasi Metropolitan Area,,,ChIJ05lJ3faW2w8RUO6U-21oRA8,2021-03-17,21,15,-3,10,-12,11
GH,Ghana,,,Kumasi Metropolitan Area,,,ChIJ05lJ3faW2w8RUO6U-21oRA8,2021-03-18,16,14,12,12,-16,11
GH,Ghana,,,Kumasi Metropolitan Area,,,ChIJ05lJ3faW2w8RUO6U-21oRA8,2021-03-19,16,14,18,10,-13,9
GH,Ghana,,,Kumasi Metropolitan Area,,,ChIJ05lJ3faW2w8RUO6U-21oRA8,2021-03-20,12,10,32,5,-13,10
GH,Ghana,,,Kumasi Metropolitan Area,,,ChIJ05lJ3faW2w8RUO6U-21oRA8,2021-03-21,3,23,30,-2,-20,9
GH,Ghana,,,Kumasi Metropolitan Area,,,ChIJ05lJ3faW2w8RUO6U-21oRA8,2021-03-22,16,14,6,13,-12,9
GH,Ghana,,,Kumasi Metropolitan Area,,,ChIJ05lJ3faW2w8RUO6U-21oRA8,2021-03-23,17,15,12,13,-14,9
GH,Ghana,,,Kumasi Metropolitan Area,,,ChIJ05lJ3faW2w8RUO6U-21oRA8,2021-03-24,13,16,0,8,-10,11
GH,Ghana,,,Kumasi Metropolitan Area,,,ChIJ05lJ3faW2w8RUO6U-21oRA8,2021-03-25,15,16,15,7,-13,11
GH,Ghana,,,Kumasi Metropolitan Area,,,ChIJ05lJ3faW2w8RUO6U-21oRA8,2021-03-26,13,12,15,5,-12,9
GH,Ghana,,,Kumasi Metropolitan Area,,,ChIJ05lJ3faW2w8RUO6U-21oRA8,2021-03-27,9,3,26,-1,-15,10
GH,Ghana,,,Kumasi Metropolitan Area,,,ChIJ05lJ3faW2w8RUO6U-21oRA8,2021-03-28,-1,18,16,0,-23,10
GH,Ghana,,,Kumasi Metropolitan Area,,,ChIJ05lJ3faW2w8RUO6U-21oRA8,2021-03-29,16,15,9,13,-12,9
GH,Ghana,,,Kumasi Metropolitan Area,,,ChIJ05lJ3faW2w8RUO6U-21oRA8,2021-03-30,18,18,26,17,-12,10
GH,Ghana,,,Kumasi Metropolitan Area,,,ChIJ05lJ3faW2w8RUO6U-21oRA8,2021-03-31,27,25,19,18,-10,10
GH,Ghana,,,Kumasi Metropolitan Area,,,ChIJ05lJ3faW2w8RUO6U-21oRA8,2021-04-01,33,39,46,35,-15,8
GH,Ghana,,,Kumasi Metropolitan Area,,,ChIJ05lJ3faW2w8RUO6U-21oRA8,2021-04-02,5,12,13,2,-52,17
GH,Ghana,,,Kumasi Metropolitan Area,,,ChIJ05lJ3faW2w8RUO6U-21oRA8,2021-04-03,12,10,21,-4,-23,12
GH,Ghana,,,Kumasi Metropolitan Area,,,ChIJ05lJ3faW2w8RUO6U-21oRA8,2021-04-04,14,32,20,-11,-26,6
GH,Ghana,,,Kumasi Metropolitan Area,,,ChIJ05lJ3faW2w8RUO6U-21oRA8,2021-04-05,13,15,4,10,-57,20
GH,Ghana,,,Kumasi Metropolitan Area,,,ChIJ05lJ3faW2w8RUO6U-21oRA8,2021-04-06,31,29,30,32,-15,10
GH,Ghana,,,Kumasi Metropolitan Area,,,ChIJ05lJ3faW2w8RUO6U-21oRA8,2021-04-07,23,21,-3,15,-12,12
GH,Ghana,,,Kumasi Metropolitan Area,,,ChIJ05lJ3faW2w8RUO6U-21oRA8,2021-04-08,19,18,16,10,-13,13
GH,Ghana,,,Kumasi Metropolitan Area,,,ChIJ05lJ3faW2w8RUO6U-21oRA8,2021-04-09,14,16,22,5,-11,12
GH,Ghana,,,Kumasi Metropolitan Area,,,ChIJ05lJ3faW2w8RUO6U-21oRA8,2021-04-10,13,7,27,-3,-13,12
GH,Ghana,,,Kumasi Metropolitan Area,,,ChIJ05lJ3faW2w8RUO6U-21oRA8,2021-04-11,6,26,31,-4,-18,11
GH,Ghana,,,Kumasi Metropolitan Area,,,ChIJ05lJ3faW2w8RUO6U-21oRA8,2021-04-12,15,14,8,7,-11,13
GH,Ghana,,,Kumasi Metropolitan Area,,,ChIJ05lJ3faW2w8RUO6U-21oRA8,2021-04-13,18,21,19,12,-12,13
GH,Ghana,,,Kumasi Metropolitan Area,,,ChIJ05lJ3faW2w8RUO6U-21oRA8,2021-04-14,20,20,5,9,-10,14
GH,Ghana,,,Kumasi Metropolitan Area,,,ChIJ05lJ3faW2w8RUO6U-21oRA8,2021-04-15,19,17,12,9,-12,14
GH,Ghana,,,Kumasi Metropolitan Area,,,ChIJ05lJ3faW2w8RUO6U-21oRA8,2021-04-16,13,19,11,11,-11,14
GH,Ghana,,,Kumasi Metropolitan Area,,,ChIJ05lJ3faW2w8RUO6U-21oRA8,2021-04-17,9,10,13,5,-15,16
GH,Ghana,,,Kumasi Metropolitan Area,,,ChIJ05lJ3faW2w8RUO6U-21oRA8,2021-04-18,-3,24,20,-3,-22,13
GH,Ghana,,,Kumasi Metropolitan Area,,,ChIJ05lJ3faW2w8RUO6U-21oRA8,2021-04-19,17,20,4,19,-14,15
GH,Ghana,,,Kumasi Metropolitan Area,,,ChIJ05lJ3faW2w8RUO6U-21oRA8,2021-04-20,16,24,21,22,-14,14
GH,Ghana,,,Kumasi Metropolitan Area,,,ChIJ05lJ3faW2w8RUO6U-21oRA8,2021-04-21,16,20,3,11,-13,12
GH,Ghana,,,Kumasi Metropolitan Area,,,ChIJ05lJ3faW2w8RUO6U-21oRA8,2021-04-22,14,16,14,4,-19,16
GH,Ghana,,,Kumasi Metropolitan Area,,,ChIJ05lJ3faW2w8RUO6U-21oRA8,2021-04-23,17,24,37,16,-12,10
GH,Ghana,,,Kumasi Metropolitan Area,,,ChIJ05lJ3faW2w8RUO6U-21oRA8,2021-04-24,13,15,40,18,-14,7
GH,Ghana,,,Kumasi Metropolitan Area,,,ChIJ05lJ3faW2w8RUO6U-21oRA8,2021-04-25,6,34,27,13,-18,7
