country_region_code,country_region,sub_region_1,sub_region_2,metro_area,iso_3166_2_code,census_fips_code,place_id,date,retail_and_recreation_percent_change_from_baseline,grocery_and_pharmacy_percent_change_from_baseline,parks_percent_change_from_baseline,transit_stations_percent_change_from_baseline,workplaces_percent_change_from_baseline,residential_percent_change_from_baseline
KG,Kyrgyzstan,,,,,,ChIJ8yfp_B04lzgRM8SITrdYECg,2021-01-01,-58,-49,-21,-46,-78,17
KG,Kyrgyzstan,,,,,,ChIJ8yfp_B04lzgRM8SITrdYECg,2021-01-02,-45,-38,-18,-37,-57,10
KG,Kyrgyzstan,,,,,,ChIJ8yfp_B04lzgRM8SITrdYECg,2021-01-03,-34,-29,-15,-29,-33,5
KG,Kyrgyzstan,,,,,,ChIJ8yfp_B04lzgRM8SITrdYECg,2021-01-04,-32,-27,-23,-25,-43,9
KG,Kyrgyzstan,,,,,,ChIJ8yfp_B04lzgRM8SITrdYECg,2021-01-05,-27,-19,-16,-23,-39,8
KG,Kyrgyzstan,,,,,,ChIJ8yfp_B04lzgRM8SITrdYECg,2021-01-06,-29,-17,-23,-19,-38,8
KG,Kyrgyzstan,,,,,,ChIJ8yfp_B04lzgRM8SITrdYECg,2021-01-07,-32,-22,-22,-24,-56,12
KG,Kyrgyzstan,,,,,,ChIJ8yfp_B04lzgRM8SITrdYECg,2021-01-08,-33,-22,-24,-25,-49,11
KG,Kyrgyzstan,,,,,,ChIJ8yfp_B04lzgRM8SITrdYECg,2021-01-09,-31,-22,-23,-21,-27,4
KG,Kyrgyzstan,,,,,,ChIJ8yfp_B04lzgRM8SITrdYECg,2021-01-10,-25,-17,-16,-20,-9,-1
KG,Kyrgyzstan,,,,,,ChIJ8yfp_B04lzgRM8SITrdYECg,2021-01-11,-25,-17,-16,-14,-33,4
KG,Kyrgyzstan,,,,,,ChIJ8yfp_B04lzgRM8SITrdYECg,2021-01-12,-22,-10,-16,-12,-30,3
KG,Kyrgyzstan,,,,,,ChIJ8yfp_B04lzgRM8SITrdYECg,2021-01-13,-29,-15,-27,-18,-31,2
KG,Kyrgyzstan,,,,,,ChIJ8yfp_B04lzgRM8SITrdYECg,2021-01-14,-32,-21,-30,-21,-37,1
KG,Kyrgyzstan,,,,,,ChIJ8yfp_B04lzgRM8SITrdYECg,2021-01-15,-34,-23,-33,-23,-37,0
KG,Kyrgyzstan,,,,,,ChIJ8yfp_B04lzgRM8SITrdYECg,2021-01-16,-33,-26,-35,-26,-33,-2
KG,Kyrgyzstan,,,,,,ChIJ8yfp_B04lzgRM8SITrdYECg,2021-01-17,-31,-23,-32,-25,-26,-1
KG,Kyrgyzstan,,,,,,ChIJ8yfp_B04lzgRM8SITrdYECg,2021-01-18,-32,-24,-31,-16,-39,0
KG,Kyrgyzstan,,,,,,ChIJ8yfp_B04lzgRM8SITrdYECg,2021-01-19,-30,-20,-28,-18,-37,0
KG,Kyrgyzstan,,,,,,ChIJ8yfp_B04lzgRM8SITrdYECg,2021-01-20,-32,-20,-34,-21,-35,1
KG,Kyrgyzstan,,,,,,ChIJ8yfp_B04lzgRM8SITrdYECg,2021-01-21,-29,-19,-28,-16,-36,1
KG,Kyrgyzstan,,,,,,ChIJ8yfp_B04lzgRM8SITrdYECg,2021-01-22,-39,-29,-31,-28,-37,2
KG,Kyrgyzstan,,,,,,ChIJ8yfp_B04lzgRM8SITrdYECg,2021-01-23,-36,-29,-33,-29,-31,3
KG,Kyrgyzstan,,,,,,ChIJ8yfp_B04lzgRM8SITrdYECg,2021-01-24,-33,-26,-32,-27,-24,2
KG,Kyrgyzstan,,,,,,ChIJ8yfp_B04lzgRM8SITrdYECg,2021-01-25,-33,-27,-29,-23,-35,2
KG,Kyrgyzstan,,,,,,ChIJ8yfp_B04lzgRM8SITrdYECg,2021-01-26,-31,-21,-25,-22,-34,2
KG,Kyrgyzstan,,,,,,ChIJ8yfp_B04lzgRM8SITrdYECg,2021-01-27,-32,-20,-30,-22,-33,2
KG,Kyrgyzstan,,,,,,ChIJ8yfp_B04lzgRM8SITrdYECg,2021-01-28,-30,-20,-27,-21,-34,2
KG,Kyrgyzstan,,,,,,ChIJ8yfp_B04lzgRM8SITrdYECg,2021-01-29,-29,-19,-28,-19,-32,0
KG,Kyrgyzstan,,,,,,ChIJ8yfp_B04lzgRM8SITrdYECg,2021-01-30,-26,-17,-29,-19,-27,-2
KG,Kyrgyzstan,,,,,,ChIJ8yfp_B04lzgRM8SITrdYECg,2021-01-31,-24,-15,-29,-21,-23,-2
KG,Kyrgyzstan,,,,,,ChIJ8yfp_B04lzgRM8SITrdYECg,2021-02-01,-26,-19,-29,-16,-35,-1
KG,Kyrgyzstan,,,,,,ChIJ8yfp_B04lzgRM8SITrdYECg,2021-02-02,-23,-13,-23,-15,-32,-2
KG,Kyrgyzstan,,,,,,ChIJ8yfp_B04lzgRM8SITrdYECg,2021-02-03,-25,-12,-29,-17,-31,-2
KG,Kyrgyzstan,,,,,,ChIJ8yfp_B04lzgRM8SITrdYECg,2021-02-04,-24,-13,-25,-18,-34,-1
KG,Kyrgyzstan,,,,,,ChIJ8yfp_B04lzgRM8SITrdYECg,2021-02-05,-24,-13,-25,-19,-32,-1
KG,Kyrgyzstan,,,,,,ChIJ8yfp_B04lzgRM8SITrdYECg,2021-02-06,-24,-16,-25,-21,-27,-2
KG,Kyrgyzstan,,,,,,ChIJ8yfp_B04lzgRM8SITrdYECg,2021-02-07,-27,-19,-30,-26,-24,0
KG,Kyrgyzstan,,,,,,ChIJ8yfp_B04lzgRM8SITrdYECg,2021-02-08,-29,-19,-31,-22,-34,0
KG,Kyrgyzstan,,,,,,ChIJ8yfp_B04lzgRM8SITrdYECg,2021-02-09,-26,-16,-29,-23,-33,1
KG,Kyrgyzstan,,,,,,ChIJ8yfp_B04lzgRM8SITrdYECg,2021-02-10,-25,-12,-31,-19,-30,0
KG,Kyrgyzstan,,,,,,ChIJ8yfp_B04lzgRM8SITrdYECg,2021-02-11,-23,-10,-28,-18,-32,-1
KG,Kyrgyzstan,,,,,,ChIJ8yfp_B04lzgRM8SITrdYECg,2021-02-12,-21,-9,-27,-16,-30,-4
KG,Kyrgyzstan,,,,,,ChIJ8yfp_B04lzgRM8SITrdYECg,2021-02-13,-24,-14,-32,-22,-28,-3
KG,Kyrgyzstan,,,,,,ChIJ8yfp_B04lzgRM8SITrdYECg,2021-02-14,-14,-9,-20,-19,-24,-4
KG,Kyrgyzstan,,,,,,ChIJ8yfp_B04lzgRM8SITrdYECg,2021-02-15,-22,-14,-28,-16,-33,-4
KG,Kyrgyzstan,,,,,,ChIJ8yfp_B04lzgRM8SITrdYECg,2021-02-16,-20,-8,-26,-16,-32,-4
KG,Kyrgyzstan,,,,,,ChIJ8yfp_B04lzgRM8SITrdYECg,2021-02-17,-20,-6,-27,-14,-29,-4
KG,Kyrgyzstan,,,,,,ChIJ8yfp_B04lzgRM8SITrdYECg,2021-02-18,-20,-8,-23,-13,-31,-4
KG,Kyrgyzstan,,,,,,ChIJ8yfp_B04lzgRM8SITrdYECg,2021-02-19,-22,-9,-27,-15,-29,-4
KG,Kyrgyzstan,,,,,,ChIJ8yfp_B04lzgRM8SITrdYECg,2021-02-20,-25,-15,-35,-23,-26,-2
KG,Kyrgyzstan,,,,,,ChIJ8yfp_B04lzgRM8SITrdYECg,2021-02-21,-26,-17,-36,-26,-25,0
KG,Kyrgyzstan,,,,,,ChIJ8yfp_B04lzgRM8SITrdYECg,2021-02-22,-22,-13,-32,-19,-32,-3
KG,Kyrgyzstan,,,,,,ChIJ8yfp_B04lzgRM8SITrdYECg,2021-02-23,-18,-10,-28,-21,-56,3
KG,Kyrgyzstan,,,,,,ChIJ8yfp_B04lzgRM8SITrdYECg,2021-02-24,-29,-16,-40,-19,-30,-1
KG,Kyrgyzstan,,,,,,ChIJ8yfp_B04lzgRM8SITrdYECg,2021-02-25,-32,-20,-40,-22,-34,2
KG,Kyrgyzstan,,,,,,ChIJ8yfp_B04lzgRM8SITrdYECg,2021-02-26,-29,-17,-38,-21,-29,0
KG,Kyrgyzstan,,,,,,ChIJ8yfp_B04lzgRM8SITrdYECg,2021-02-27,-27,-17,-37,-23,-24,-1
KG,Kyrgyzstan,,,,,,ChIJ8yfp_B04lzgRM8SITrdYECg,2021-02-28,-21,-12,-29,-17,-21,-2
KG,Kyrgyzstan,,,,,,ChIJ8yfp_B04lzgRM8SITrdYECg,2021-03-01,-21,-12,-29,-13,-29,-4
KG,Kyrgyzstan,,,,,,ChIJ8yfp_B04lzgRM8SITrdYECg,2021-03-02,-18,-5,-23,-11,-27,-5
KG,Kyrgyzstan,,,,,,ChIJ8yfp_B04lzgRM8SITrdYECg,2021-03-03,-23,-8,-36,-14,-27,-2
KG,Kyrgyzstan,,,,,,ChIJ8yfp_B04lzgRM8SITrdYECg,2021-03-04,-17,-2,-24,-7,-28,-4
KG,Kyrgyzstan,,,,,,ChIJ8yfp_B04lzgRM8SITrdYECg,2021-03-05,-19,-6,-31,-10,-26,-4
KG,Kyrgyzstan,,,,,,ChIJ8yfp_B04lzgRM8SITrdYECg,2021-03-06,-15,-5,-24,-10,-23,-5
KG,Kyrgyzstan,,,,,,ChIJ8yfp_B04lzgRM8SITrdYECg,2021-03-07,-8,1,-21,-8,-17,-6
KG,Kyrgyzstan,,,,,,ChIJ8yfp_B04lzgRM8SITrdYECg,2021-03-08,-13,-8,-22,-12,-66,3
KG,Kyrgyzstan,,,,,,ChIJ8yfp_B04lzgRM8SITrdYECg,2021-03-09,-18,-6,-22,-9,-28,-6
KG,Kyrgyzstan,,,,,,ChIJ8yfp_B04lzgRM8SITrdYECg,2021-03-10,-21,-6,-30,-9,-26,-4
KG,Kyrgyzstan,,,,,,ChIJ8yfp_B04lzgRM8SITrdYECg,2021-03-11,-21,-6,-28,-8,-28,-3
KG,Kyrgyzstan,,,,,,ChIJ8yfp_B04lzgRM8SITrdYECg,2021-03-12,-19,-5,-23,-7,-24,-5
KG,Kyrgyzstan,,,,,,ChIJ8yfp_B04lzgRM8SITrdYECg,2021-03-13,-25,-14,-33,-18,-23,-2
KG,Kyrgyzstan,,,,,,ChIJ8yfp_B04lzgRM8SITrdYECg,2021-03-14,-29,-19,-38,-23,-25,1
KG,Kyrgyzstan,,,,,,ChIJ8yfp_B04lzgRM8SITrdYECg,2021-03-15,-28,-17,-38,-18,-29,-1
KG,Kyrgyzstan,,,,,,ChIJ8yfp_B04lzgRM8SITrdYECg,2021-03-16,-24,-10,-32,-14,-26,-2
KG,Kyrgyzstan,,,,,,ChIJ8yfp_B04lzgRM8SITrdYECg,2021-03-17,-25,-10,-37,-13,-25,-2
KG,Kyrgyzstan,,,,,,ChIJ8yfp_B04lzgRM8SITrdYECg,2021-03-18,-18,-3,-23,-4,-26,-5
KG,Kyrgyzstan,,,,,,ChIJ8yfp_B04lzgRM8SITrdYECg,2021-03-19,-18,-2,-19,-3,-24,-6
KG,Kyrgyzstan,,,,,,ChIJ8yfp_B04lzgRM8SITrdYECg,2021-03-20,-20,-7,-20,-5,-22,-6
KG,Kyrgyzstan,,,,,,ChIJ8yfp_B04lzgRM8SITrdYECg,2021-03-21,-21,-13,-21,-17,-28,-3
KG,Kyrgyzstan,,,,,,ChIJ8yfp_B04lzgRM8SITrdYECg,2021-03-22,-28,-18,-28,-17,-57,2
KG,Kyrgyzstan,,,,,,ChIJ8yfp_B04lzgRM8SITrdYECg,2021-03-23,-19,-6,-23,-8,-32,-4
KG,Kyrgyzstan,,,,,,ChIJ8yfp_B04lzgRM8SITrdYECg,2021-03-24,-18,-2,-22,-6,-31,-4
KG,Kyrgyzstan,,,,,,ChIJ8yfp_B04lzgRM8SITrdYECg,2021-03-25,-17,-2,-12,-1,-33,-5
KG,Kyrgyzstan,,,,,,ChIJ8yfp_B04lzgRM8SITrdYECg,2021-03-26,-22,-8,-28,-10,-32,-2
KG,Kyrgyzstan,,,,,,ChIJ8yfp_B04lzgRM8SITrdYECg,2021-03-27,-21,-9,-20,-11,-24,-6
KG,Kyrgyzstan,,,,,,ChIJ8yfp_B04lzgRM8SITrdYECg,2021-03-28,-23,-14,-29,-16,-22,-2
KG,Kyrgyzstan,,,,,,ChIJ8yfp_B04lzgRM8SITrdYECg,2021-03-29,-27,-18,-36,-16,-35,0
KG,Kyrgyzstan,,,,,,ChIJ8yfp_B04lzgRM8SITrdYECg,2021-03-30,-23,-10,-31,-15,-33,-1
KG,Kyrgyzstan,,,,,,ChIJ8yfp_B04lzgRM8SITrdYECg,2021-03-31,-19,-2,-29,-7,-31,-3
KG,Kyrgyzstan,,,,,,ChIJ8yfp_B04lzgRM8SITrdYECg,2021-04-01,-27,-13,-35,-15,-29,-1
KG,Kyrgyzstan,,,,,,ChIJ8yfp_B04lzgRM8SITrdYECg,2021-04-02,-19,-4,-25,-8,-25,-4
KG,Kyrgyzstan,,,,,,ChIJ8yfp_B04lzgRM8SITrdYECg,2021-04-03,-17,-5,-16,-10,-21,-5
KG,Kyrgyzstan,,,,,,ChIJ8yfp_B04lzgRM8SITrdYECg,2021-04-04,-18,-7,-19,-9,-20,-5
KG,Kyrgyzstan,,,,,,ChIJ8yfp_B04lzgRM8SITrdYECg,2021-04-05,-23,-11,-30,-12,-27,-3
KG,Kyrgyzstan,,,,,,ChIJ8yfp_B04lzgRM8SITrdYECg,2021-04-06,-14,0,-14,-3,-25,-7
KG,Kyrgyzstan,,,,,,ChIJ8yfp_B04lzgRM8SITrdYECg,2021-04-07,-21,-6,-22,-9,-51,1
KG,Kyrgyzstan,,,,,,ChIJ8yfp_B04lzgRM8SITrdYECg,2021-04-08,-16,-1,-13,-2,-26,-6
KG,Kyrgyzstan,,,,,,ChIJ8yfp_B04lzgRM8SITrdYECg,2021-04-09,-17,-2,-14,-6,-24,-6
KG,Kyrgyzstan,,,,,,ChIJ8yfp_B04lzgRM8SITrdYECg,2021-04-10,-18,-5,-10,-8,-22,-7
KG,Kyrgyzstan,,,,,,ChIJ8yfp_B04lzgRM8SITrdYECg,2021-04-11,-16,-4,-10,-9,-17,-9
KG,Kyrgyzstan,,,,,,ChIJ8yfp_B04lzgRM8SITrdYECg,2021-04-12,-20,-5,-19,-8,-35,-4
KG,Kyrgyzstan,,,,,,ChIJ8yfp_B04lzgRM8SITrdYECg,2021-04-13,-24,-3,-21,-12,-30,-2
KG,Kyrgyzstan,,,,,,ChIJ8yfp_B04lzgRM8SITrdYECg,2021-04-14,-23,-3,-20,-10,-26,-4
KG,Kyrgyzstan,,,,,,ChIJ8yfp_B04lzgRM8SITrdYECg,2021-04-15,-22,-2,-17,-5,-27,-4
KG,Kyrgyzstan,,,,,,ChIJ8yfp_B04lzgRM8SITrdYECg,2021-04-16,-24,-5,-17,-11,-25,-4
KG,Kyrgyzstan,,,,,,ChIJ8yfp_B04lzgRM8SITrdYECg,2021-04-17,-26,-8,-17,-15,-23,-4
KG,Kyrgyzstan,,,,,,ChIJ8yfp_B04lzgRM8SITrdYECg,2021-04-18,-25,-9,-23,-16,-22,-3
KG,Kyrgyzstan,,,,,,ChIJ8yfp_B04lzgRM8SITrdYECg,2021-04-19,-24,-10,-18,-11,-28,-3
KG,Kyrgyzstan,,,,,,ChIJ8yfp_B04lzgRM8SITrdYECg,2021-04-20,-22,-4,-20,-10,-27,-3
KG,Kyrgyzstan,,,,,,ChIJ8yfp_B04lzgRM8SITrdYECg,2021-04-21,-31,-13,-38,-18,-29,0
KG,Kyrgyzstan,,,,,,ChIJ8yfp_B04lzgRM8SITrdYECg,2021-04-22,-26,-9,-29,-12,-29,-1
KG,Kyrgyzstan,,,,,,ChIJ8yfp_B04lzgRM8SITrdYECg,2021-04-23,-23,-5,-20,-10,-25,-3
KG,Kyrgyzstan,,,,,,ChIJ8yfp_B04lzgRM8SITrdYECg,2021-04-24,-25,-9,-18,-14,-23,-3
KG,Kyrgyzstan,,,,,,ChIJ8yfp_B04lzgRM8SITrdYECg,2021-04-25,-23,-6,-11,-14,-21,-4
KG,Kyrgyzstan,Batken Province,,,KG-B,,ChIJVYNrr04RujgRvyIWQs1WzCk,2021-01-01,-41,,,-28,-64,
KG,Kyrgyzstan,Batken Province,,,KG-B,,ChIJVYNrr04RujgRvyIWQs1WzCk,2021-01-02,-34,,,16,-35,
KG,Kyrgyzstan,Batken Province,,,KG-B,,ChIJVYNrr04RujgRvyIWQs1WzCk,2021-01-03,,,,18,-17,
KG,Kyrgyzstan,Batken Province,,,KG-B,,ChIJVYNrr04RujgRvyIWQs1WzCk,2021-01-04,-21,,,13,-38,
KG,Kyrgyzstan,Batken Province,,,KG-B,,ChIJVYNrr04RujgRvyIWQs1WzCk,2021-01-05,-18,,,25,-36,
KG,Kyrgyzstan,Batken Province,,,KG-B,,ChIJVYNrr04RujgRvyIWQs1WzCk,2021-01-06,-21,,,4,-35,
KG,Kyrgyzstan,Batken Province,,,KG-B,,ChIJVYNrr04RujgRvyIWQs1WzCk,2021-01-07,-23,,,0,-51,
KG,Kyrgyzstan,Batken Province,,,KG-B,,ChIJVYNrr04RujgRvyIWQs1WzCk,2021-01-08,-28,,,-11,-48,
KG,Kyrgyzstan,Batken Province,,,KG-B,,ChIJVYNrr04RujgRvyIWQs1WzCk,2021-01-09,-28,,,23,-25,
KG,Kyrgyzstan,Batken Province,,,KG-B,,ChIJVYNrr04RujgRvyIWQs1WzCk,2021-01-10,,,,18,-7,
KG,Kyrgyzstan,Batken Province,,,KG-B,,ChIJVYNrr04RujgRvyIWQs1WzCk,2021-01-11,-12,,,18,-33,
KG,Kyrgyzstan,Batken Province,,,KG-B,,ChIJVYNrr04RujgRvyIWQs1WzCk,2021-01-12,-10,,,25,-29,
KG,Kyrgyzstan,Batken Province,,,KG-B,,ChIJVYNrr04RujgRvyIWQs1WzCk,2021-01-13,-17,,,16,-27,
KG,Kyrgyzstan,Batken Province,,,KG-B,,ChIJVYNrr04RujgRvyIWQs1WzCk,2021-01-14,-26,,,-6,-37,
KG,Kyrgyzstan,Batken Province,,,KG-B,,ChIJVYNrr04RujgRvyIWQs1WzCk,2021-01-15,-30,,,-21,-40,
KG,Kyrgyzstan,Batken Province,,,KG-B,,ChIJVYNrr04RujgRvyIWQs1WzCk,2021-01-16,-35,,,-9,-38,
KG,Kyrgyzstan,Batken Province,,,KG-B,,ChIJVYNrr04RujgRvyIWQs1WzCk,2021-01-17,-34,,,-18,-38,
KG,Kyrgyzstan,Batken Province,,,KG-B,,ChIJVYNrr04RujgRvyIWQs1WzCk,2021-01-18,-33,,,-18,-44,
KG,Kyrgyzstan,Batken Province,,,KG-B,,ChIJVYNrr04RujgRvyIWQs1WzCk,2021-01-19,-31,,,-14,-42,
KG,Kyrgyzstan,Batken Province,,,KG-B,,ChIJVYNrr04RujgRvyIWQs1WzCk,2021-01-20,-32,,,-13,-42,
KG,Kyrgyzstan,Batken Province,,,KG-B,,ChIJVYNrr04RujgRvyIWQs1WzCk,2021-01-21,-34,,,-2,-42,
KG,Kyrgyzstan,Batken Province,,,KG-B,,ChIJVYNrr04RujgRvyIWQs1WzCk,2021-01-22,-50,,,-24,-44,
KG,Kyrgyzstan,Batken Province,,,KG-B,,ChIJVYNrr04RujgRvyIWQs1WzCk,2021-01-23,-47,,,-3,-38,
KG,Kyrgyzstan,Batken Province,,,KG-B,,ChIJVYNrr04RujgRvyIWQs1WzCk,2021-01-24,-41,,,-11,-36,
KG,Kyrgyzstan,Batken Province,,,KG-B,,ChIJVYNrr04RujgRvyIWQs1WzCk,2021-01-25,-39,,,0,-41,
KG,Kyrgyzstan,Batken Province,,,KG-B,,ChIJVYNrr04RujgRvyIWQs1WzCk,2021-01-26,-34,,,-2,-39,
KG,Kyrgyzstan,Batken Province,,,KG-B,,ChIJVYNrr04RujgRvyIWQs1WzCk,2021-01-27,-34,,,-16,-37,
KG,Kyrgyzstan,Batken Province,,,KG-B,,ChIJVYNrr04RujgRvyIWQs1WzCk,2021-01-28,-35,,,0,-39,
KG,Kyrgyzstan,Batken Province,,,KG-B,,ChIJVYNrr04RujgRvyIWQs1WzCk,2021-01-29,-27,,,-4,-40,
KG,Kyrgyzstan,Batken Province,,,KG-B,,ChIJVYNrr04RujgRvyIWQs1WzCk,2021-01-30,-37,,,13,-38,
KG,Kyrgyzstan,Batken Province,,,KG-B,,ChIJVYNrr04RujgRvyIWQs1WzCk,2021-01-31,-42,,,-10,-40,
KG,Kyrgyzstan,Batken Province,,,KG-B,,ChIJVYNrr04RujgRvyIWQs1WzCk,2021-02-01,-34,,,0,-43,
KG,Kyrgyzstan,Batken Province,,,KG-B,,ChIJVYNrr04RujgRvyIWQs1WzCk,2021-02-02,-31,,,6,-40,
KG,Kyrgyzstan,Batken Province,,,KG-B,,ChIJVYNrr04RujgRvyIWQs1WzCk,2021-02-03,-39,,,-11,-40,
KG,Kyrgyzstan,Batken Province,,,KG-B,,ChIJVYNrr04RujgRvyIWQs1WzCk,2021-02-04,-33,,,-6,-41,
KG,Kyrgyzstan,Batken Province,,,KG-B,,ChIJVYNrr04RujgRvyIWQs1WzCk,2021-02-05,-36,,,-12,-41,
KG,Kyrgyzstan,Batken Province,,,KG-B,,ChIJVYNrr04RujgRvyIWQs1WzCk,2021-02-06,-41,,,1,-35,
KG,Kyrgyzstan,Batken Province,,,KG-B,,ChIJVYNrr04RujgRvyIWQs1WzCk,2021-02-07,-47,,,-21,-41,
KG,Kyrgyzstan,Batken Province,,,KG-B,,ChIJVYNrr04RujgRvyIWQs1WzCk,2021-02-08,-40,,,-15,-42,
KG,Kyrgyzstan,Batken Province,,,KG-B,,ChIJVYNrr04RujgRvyIWQs1WzCk,2021-02-09,-35,,,-8,-41,
KG,Kyrgyzstan,Batken Province,,,KG-B,,ChIJVYNrr04RujgRvyIWQs1WzCk,2021-02-10,-41,,,-17,-40,
KG,Kyrgyzstan,Batken Province,,,KG-B,,ChIJVYNrr04RujgRvyIWQs1WzCk,2021-02-11,-33,,,2,-42,
KG,Kyrgyzstan,Batken Province,,,KG-B,,ChIJVYNrr04RujgRvyIWQs1WzCk,2021-02-12,-36,,,-11,-41,
KG,Kyrgyzstan,Batken Province,,,KG-B,,ChIJVYNrr04RujgRvyIWQs1WzCk,2021-02-13,-46,,,-2,-44,
KG,Kyrgyzstan,Batken Province,,,KG-B,,ChIJVYNrr04RujgRvyIWQs1WzCk,2021-02-14,-43,,,-10,-45,
KG,Kyrgyzstan,Batken Province,,,KG-B,,ChIJVYNrr04RujgRvyIWQs1WzCk,2021-02-15,-38,,,3,-47,
KG,Kyrgyzstan,Batken Province,,,KG-B,,ChIJVYNrr04RujgRvyIWQs1WzCk,2021-02-16,-38,,,3,-46,
KG,Kyrgyzstan,Batken Province,,,KG-B,,ChIJVYNrr04RujgRvyIWQs1WzCk,2021-02-17,-40,,,-3,-42,
KG,Kyrgyzstan,Batken Province,,,KG-B,,ChIJVYNrr04RujgRvyIWQs1WzCk,2021-02-18,-44,,,5,-44,
KG,Kyrgyzstan,Batken Province,,,KG-B,,ChIJVYNrr04RujgRvyIWQs1WzCk,2021-02-19,-38,,,2,-42,
KG,Kyrgyzstan,Batken Province,,,KG-B,,ChIJVYNrr04RujgRvyIWQs1WzCk,2021-02-20,-47,,,2,-41,
KG,Kyrgyzstan,Batken Province,,,KG-B,,ChIJVYNrr04RujgRvyIWQs1WzCk,2021-02-21,-44,,,-9,-39,
KG,Kyrgyzstan,Batken Province,,,KG-B,,ChIJVYNrr04RujgRvyIWQs1WzCk,2021-02-22,-40,,,1,-41,
KG,Kyrgyzstan,Batken Province,,,KG-B,,ChIJVYNrr04RujgRvyIWQs1WzCk,2021-02-23,-43,,,-6,-64,
KG,Kyrgyzstan,Batken Province,,,KG-B,,ChIJVYNrr04RujgRvyIWQs1WzCk,2021-02-24,-47,,,-9,-39,
KG,Kyrgyzstan,Batken Province,,,KG-B,,ChIJVYNrr04RujgRvyIWQs1WzCk,2021-02-25,-45,,,-6,-44,
KG,Kyrgyzstan,Batken Province,,,KG-B,,ChIJVYNrr04RujgRvyIWQs1WzCk,2021-02-26,-44,,,-6,-40,
KG,Kyrgyzstan,Batken Province,,,KG-B,,ChIJVYNrr04RujgRvyIWQs1WzCk,2021-02-27,-46,,,13,-35,
KG,Kyrgyzstan,Batken Province,,,KG-B,,ChIJVYNrr04RujgRvyIWQs1WzCk,2021-02-28,-46,,,-6,-39,
KG,Kyrgyzstan,Batken Province,,,KG-B,,ChIJVYNrr04RujgRvyIWQs1WzCk,2021-03-01,-42,,,4,-40,
KG,Kyrgyzstan,Batken Province,,,KG-B,,ChIJVYNrr04RujgRvyIWQs1WzCk,2021-03-02,-42,,,-4,-38,
KG,Kyrgyzstan,Batken Province,,,KG-B,,ChIJVYNrr04RujgRvyIWQs1WzCk,2021-03-03,-42,,,-1,-37,
KG,Kyrgyzstan,Batken Province,,,KG-B,,ChIJVYNrr04RujgRvyIWQs1WzCk,2021-03-04,-39,,,7,-42,
KG,Kyrgyzstan,Batken Province,,,KG-B,,ChIJVYNrr04RujgRvyIWQs1WzCk,2021-03-05,-35,,,13,-39,
KG,Kyrgyzstan,Batken Province,,,KG-B,,ChIJVYNrr04RujgRvyIWQs1WzCk,2021-03-06,-40,,,23,-38,
KG,Kyrgyzstan,Batken Province,,,KG-B,,ChIJVYNrr04RujgRvyIWQs1WzCk,2021-03-07,-37,,,10,-43,
KG,Kyrgyzstan,Batken Province,,,KG-B,,ChIJVYNrr04RujgRvyIWQs1WzCk,2021-03-08,-40,,,11,-71,
KG,Kyrgyzstan,Batken Province,,,KG-B,,ChIJVYNrr04RujgRvyIWQs1WzCk,2021-03-09,-35,,,12,-38,
KG,Kyrgyzstan,Batken Province,,,KG-B,,ChIJVYNrr04RujgRvyIWQs1WzCk,2021-03-10,-40,,,0,-37,
KG,Kyrgyzstan,Batken Province,,,KG-B,,ChIJVYNrr04RujgRvyIWQs1WzCk,2021-03-11,-36,,,20,-39,
KG,Kyrgyzstan,Batken Province,,,KG-B,,ChIJVYNrr04RujgRvyIWQs1WzCk,2021-03-12,-32,,,12,-38,
KG,Kyrgyzstan,Batken Province,,,KG-B,,ChIJVYNrr04RujgRvyIWQs1WzCk,2021-03-13,-40,,,20,-40,
KG,Kyrgyzstan,Batken Province,,,KG-B,,ChIJVYNrr04RujgRvyIWQs1WzCk,2021-03-14,-47,,,-5,-43,
KG,Kyrgyzstan,Batken Province,,,KG-B,,ChIJVYNrr04RujgRvyIWQs1WzCk,2021-03-15,-41,,,5,-41,
KG,Kyrgyzstan,Batken Province,,,KG-B,,ChIJVYNrr04RujgRvyIWQs1WzCk,2021-03-16,-35,,,7,-36,
KG,Kyrgyzstan,Batken Province,,,KG-B,,ChIJVYNrr04RujgRvyIWQs1WzCk,2021-03-17,-37,,,7,-38,
KG,Kyrgyzstan,Batken Province,,,KG-B,,ChIJVYNrr04RujgRvyIWQs1WzCk,2021-03-18,-31,,,24,-42,
KG,Kyrgyzstan,Batken Province,,,KG-B,,ChIJVYNrr04RujgRvyIWQs1WzCk,2021-03-19,-30,,,22,-40,
KG,Kyrgyzstan,Batken Province,,,KG-B,,ChIJVYNrr04RujgRvyIWQs1WzCk,2021-03-20,-38,,,33,-37,
KG,Kyrgyzstan,Batken Province,,,KG-B,,ChIJVYNrr04RujgRvyIWQs1WzCk,2021-03-21,,,,,-39,
KG,Kyrgyzstan,Batken Province,,,KG-B,,ChIJVYNrr04RujgRvyIWQs1WzCk,2021-03-22,-49,,,3,-70,
KG,Kyrgyzstan,Batken Province,,,KG-B,,ChIJVYNrr04RujgRvyIWQs1WzCk,2021-03-23,-25,,,30,-47,
KG,Kyrgyzstan,Batken Province,,,KG-B,,ChIJVYNrr04RujgRvyIWQs1WzCk,2021-03-24,-31,,,6,-48,
KG,Kyrgyzstan,Batken Province,,,KG-B,,ChIJVYNrr04RujgRvyIWQs1WzCk,2021-03-25,-32,,,16,-50,
KG,Kyrgyzstan,Batken Province,,,KG-B,,ChIJVYNrr04RujgRvyIWQs1WzCk,2021-03-26,-32,,,3,-51,
KG,Kyrgyzstan,Batken Province,,,KG-B,,ChIJVYNrr04RujgRvyIWQs1WzCk,2021-03-27,-36,,,17,-42,
KG,Kyrgyzstan,Batken Province,,,KG-B,,ChIJVYNrr04RujgRvyIWQs1WzCk,2021-03-28,-40,,,5,-43,
KG,Kyrgyzstan,Batken Province,,,KG-B,,ChIJVYNrr04RujgRvyIWQs1WzCk,2021-03-29,-40,,,5,-52,
KG,Kyrgyzstan,Batken Province,,,KG-B,,ChIJVYNrr04RujgRvyIWQs1WzCk,2021-03-30,-32,,,19,-47,
KG,Kyrgyzstan,Batken Province,,,KG-B,,ChIJVYNrr04RujgRvyIWQs1WzCk,2021-03-31,-34,,,32,-44,
KG,Kyrgyzstan,Batken Province,,,KG-B,,ChIJVYNrr04RujgRvyIWQs1WzCk,2021-04-01,-44,,,2,-44,
KG,Kyrgyzstan,Batken Province,,,KG-B,,ChIJVYNrr04RujgRvyIWQs1WzCk,2021-04-02,-32,,,2,-42,
KG,Kyrgyzstan,Batken Province,,,KG-B,,ChIJVYNrr04RujgRvyIWQs1WzCk,2021-04-03,-34,,,24,-44,
KG,Kyrgyzstan,Batken Province,,,KG-B,,ChIJVYNrr04RujgRvyIWQs1WzCk,2021-04-04,-34,,,15,-47,
KG,Kyrgyzstan,Batken Province,,,KG-B,,ChIJVYNrr04RujgRvyIWQs1WzCk,2021-04-05,-39,,,12,-47,
KG,Kyrgyzstan,Batken Province,,,KG-B,,ChIJVYNrr04RujgRvyIWQs1WzCk,2021-04-06,-24,,,25,-41,
KG,Kyrgyzstan,Batken Province,,,KG-B,,ChIJVYNrr04RujgRvyIWQs1WzCk,2021-04-07,-39,,,4,-63,
KG,Kyrgyzstan,Batken Province,,,KG-B,,ChIJVYNrr04RujgRvyIWQs1WzCk,2021-04-08,-30,,,13,-42,
KG,Kyrgyzstan,Batken Province,,,KG-B,,ChIJVYNrr04RujgRvyIWQs1WzCk,2021-04-09,-28,,,13,-41,
KG,Kyrgyzstan,Batken Province,,,KG-B,,ChIJVYNrr04RujgRvyIWQs1WzCk,2021-04-10,-30,,,36,-40,
KG,Kyrgyzstan,Batken Province,,,KG-B,,ChIJVYNrr04RujgRvyIWQs1WzCk,2021-04-11,-34,,,12,-40,
KG,Kyrgyzstan,Batken Province,,,KG-B,,ChIJVYNrr04RujgRvyIWQs1WzCk,2021-04-12,-42,,,14,-52,
KG,Kyrgyzstan,Batken Province,,,KG-B,,ChIJVYNrr04RujgRvyIWQs1WzCk,2021-04-13,-36,,,9,-41,
KG,Kyrgyzstan,Batken Province,,,KG-B,,ChIJVYNrr04RujgRvyIWQs1WzCk,2021-04-14,-39,,,7,-42,
KG,Kyrgyzstan,Batken Province,,,KG-B,,ChIJVYNrr04RujgRvyIWQs1WzCk,2021-04-15,-30,,,15,-43,
KG,Kyrgyzstan,Batken Province,,,KG-B,,ChIJVYNrr04RujgRvyIWQs1WzCk,2021-04-16,-31,,,-1,-40,
KG,Kyrgyzstan,Batken Province,,,KG-B,,ChIJVYNrr04RujgRvyIWQs1WzCk,2021-04-17,-41,,,16,-39,
KG,Kyrgyzstan,Batken Province,,,KG-B,,ChIJVYNrr04RujgRvyIWQs1WzCk,2021-04-18,-42,,,1,-43,
KG,Kyrgyzstan,Batken Province,,,KG-B,,ChIJVYNrr04RujgRvyIWQs1WzCk,2021-04-19,-37,,,6,-44,
KG,Kyrgyzstan,Batken Province,,,KG-B,,ChIJVYNrr04RujgRvyIWQs1WzCk,2021-04-20,-36,,,11,-41,
KG,Kyrgyzstan,Batken Province,,,KG-B,,ChIJVYNrr04RujgRvyIWQs1WzCk,2021-04-21,-38,,,5,-41,
KG,Kyrgyzstan,Batken Province,,,KG-B,,ChIJVYNrr04RujgRvyIWQs1WzCk,2021-04-22,-41,,,13,-39,
KG,Kyrgyzstan,Batken Province,,,KG-B,,ChIJVYNrr04RujgRvyIWQs1WzCk,2021-04-23,-32,,,7,-41,
KG,Kyrgyzstan,Batken Province,,,KG-B,,ChIJVYNrr04RujgRvyIWQs1WzCk,2021-04-24,-41,,,15,-42,
KG,Kyrgyzstan,Batken Province,,,KG-B,,ChIJVYNrr04RujgRvyIWQs1WzCk,2021-04-25,-43,,,-1,-50,
KG,Kyrgyzstan,Chuy Province,,,KG-C,,ChIJSYCimF4xmTgRu6zwHysIk4A,2021-01-01,-61,-52,-34,-49,-82,18
KG,Kyrgyzstan,Chuy Province,,,KG-C,,ChIJSYCimF4xmTgRu6zwHysIk4A,2021-01-02,-48,-43,-33,-41,-62,10
KG,Kyrgyzstan,Chuy Province,,,KG-C,,ChIJSYCimF4xmTgRu6zwHysIk4A,2021-01-03,-38,-33,-32,-34,-37,5
KG,Kyrgyzstan,Chuy Province,,,KG-C,,ChIJSYCimF4xmTgRu6zwHysIk4A,2021-01-04,-33,-29,-30,-28,-44,10
KG,Kyrgyzstan,Chuy Province,,,KG-C,,ChIJSYCimF4xmTgRu6zwHysIk4A,2021-01-05,-29,-21,-25,-25,-42,8
KG,Kyrgyzstan,Chuy Province,,,KG-C,,ChIJSYCimF4xmTgRu6zwHysIk4A,2021-01-06,-30,-16,-28,-20,-40,7
KG,Kyrgyzstan,Chuy Province,,,KG-C,,ChIJSYCimF4xmTgRu6zwHysIk4A,2021-01-07,-33,-22,-33,-25,-58,12
KG,Kyrgyzstan,Chuy Province,,,KG-C,,ChIJSYCimF4xmTgRu6zwHysIk4A,2021-01-08,-33,-20,-29,-25,-49,10
KG,Kyrgyzstan,Chuy Province,,,KG-C,,ChIJSYCimF4xmTgRu6zwHysIk4A,2021-01-09,-32,-22,-27,-21,-26,4
KG,Kyrgyzstan,Chuy Province,,,KG-C,,ChIJSYCimF4xmTgRu6zwHysIk4A,2021-01-10,-28,-18,-22,-20,-7,-1
KG,Kyrgyzstan,Chuy Province,,,KG-C,,ChIJSYCimF4xmTgRu6zwHysIk4A,2021-01-11,-26,-16,-5,-13,-32,4
KG,Kyrgyzstan,Chuy Province,,,KG-C,,ChIJSYCimF4xmTgRu6zwHysIk4A,2021-01-12,-24,-10,-16,-11,-31,2
KG,Kyrgyzstan,Chuy Province,,,KG-C,,ChIJSYCimF4xmTgRu6zwHysIk4A,2021-01-13,-30,-14,-26,-18,-33,2
KG,Kyrgyzstan,Chuy Province,,,KG-C,,ChIJSYCimF4xmTgRu6zwHysIk4A,2021-01-14,-32,-21,-33,-21,-37,1
KG,Kyrgyzstan,Chuy Province,,,KG-C,,ChIJSYCimF4xmTgRu6zwHysIk4A,2021-01-15,-33,-21,-34,-21,-36,0
KG,Kyrgyzstan,Chuy Province,,,KG-C,,ChIJSYCimF4xmTgRu6zwHysIk4A,2021-01-16,-31,-24,-33,-23,-30,-2
KG,Kyrgyzstan,Chuy Province,,,KG-C,,ChIJSYCimF4xmTgRu6zwHysIk4A,2021-01-17,-31,-21,-33,-23,-22,-2
KG,Kyrgyzstan,Chuy Province,,,KG-C,,ChIJSYCimF4xmTgRu6zwHysIk4A,2021-01-18,-30,-20,-20,-9,-37,0
KG,Kyrgyzstan,Chuy Province,,,KG-C,,ChIJSYCimF4xmTgRu6zwHysIk4A,2021-01-19,-29,-16,-23,-13,-37,-1
KG,Kyrgyzstan,Chuy Province,,,KG-C,,ChIJSYCimF4xmTgRu6zwHysIk4A,2021-01-20,-30,-16,-27,-18,-36,0
KG,Kyrgyzstan,Chuy Province,,,KG-C,,ChIJSYCimF4xmTgRu6zwHysIk4A,2021-01-21,-27,-15,-22,-14,-35,0
KG,Kyrgyzstan,Chuy Province,,,KG-C,,ChIJSYCimF4xmTgRu6zwHysIk4A,2021-01-22,-37,-25,-26,-24,-33,2
KG,Kyrgyzstan,Chuy Province,,,KG-C,,ChIJSYCimF4xmTgRu6zwHysIk4A,2021-01-23,-34,-27,-28,-25,-27,2
KG,Kyrgyzstan,Chuy Province,,,KG-C,,ChIJSYCimF4xmTgRu6zwHysIk4A,2021-01-24,-33,-24,-29,-25,-20,1
KG,Kyrgyzstan,Chuy Province,,,KG-C,,ChIJSYCimF4xmTgRu6zwHysIk4A,2021-01-25,-32,-23,-17,-20,-33,2
KG,Kyrgyzstan,Chuy Province,,,KG-C,,ChIJSYCimF4xmTgRu6zwHysIk4A,2021-01-26,-30,-19,-17,-19,-34,1
KG,Kyrgyzstan,Chuy Province,,,KG-C,,ChIJSYCimF4xmTgRu6zwHysIk4A,2021-01-27,-30,-17,-19,-20,-33,1
KG,Kyrgyzstan,Chuy Province,,,KG-C,,ChIJSYCimF4xmTgRu6zwHysIk4A,2021-01-28,-29,-17,-21,-19,-34,2
KG,Kyrgyzstan,Chuy Province,,,KG-C,,ChIJSYCimF4xmTgRu6zwHysIk4A,2021-01-29,-27,-15,-23,-17,-29,0
KG,Kyrgyzstan,Chuy Province,,,KG-C,,ChIJSYCimF4xmTgRu6zwHysIk4A,2021-01-30,-23,-14,-21,-16,-24,-3
KG,Kyrgyzstan,Chuy Province,,,KG-C,,ChIJSYCimF4xmTgRu6zwHysIk4A,2021-01-31,-24,-12,-26,-20,-19,-3
KG,Kyrgyzstan,Chuy Province,,,KG-C,,ChIJSYCimF4xmTgRu6zwHysIk4A,2021-02-01,-24,-15,-18,-13,-32,-2
KG,Kyrgyzstan,Chuy Province,,,KG-C,,ChIJSYCimF4xmTgRu6zwHysIk4A,2021-02-02,-21,-10,-14,-12,-32,-3
KG,Kyrgyzstan,Chuy Province,,,KG-C,,ChIJSYCimF4xmTgRu6zwHysIk4A,2021-02-03,-23,-7,-16,-14,-31,-2
KG,Kyrgyzstan,Chuy Province,,,KG-C,,ChIJSYCimF4xmTgRu6zwHysIk4A,2021-02-04,-22,-10,-18,-16,-32,-1
KG,Kyrgyzstan,Chuy Province,,,KG-C,,ChIJSYCimF4xmTgRu6zwHysIk4A,2021-02-05,-22,-9,-16,-17,-29,-2
KG,Kyrgyzstan,Chuy Province,,,KG-C,,ChIJSYCimF4xmTgRu6zwHysIk4A,2021-02-06,-21,-12,-14,-17,-22,-3
KG,Kyrgyzstan,Chuy Province,,,KG-C,,ChIJSYCimF4xmTgRu6zwHysIk4A,2021-02-07,-27,-16,-32,-24,-19,-1
KG,Kyrgyzstan,Chuy Province,,,KG-C,,ChIJSYCimF4xmTgRu6zwHysIk4A,2021-02-08,-26,-15,-19,-18,-31,0
KG,Kyrgyzstan,Chuy Province,,,KG-C,,ChIJSYCimF4xmTgRu6zwHysIk4A,2021-02-09,-26,-14,-26,-20,-32,0
KG,Kyrgyzstan,Chuy Province,,,KG-C,,ChIJSYCimF4xmTgRu6zwHysIk4A,2021-02-10,-24,-8,-22,-17,-30,0
KG,Kyrgyzstan,Chuy Province,,,KG-C,,ChIJSYCimF4xmTgRu6zwHysIk4A,2021-02-11,-21,-7,-22,-17,-31,-1
KG,Kyrgyzstan,Chuy Province,,,KG-C,,ChIJSYCimF4xmTgRu6zwHysIk4A,2021-02-12,-19,-5,-14,-14,-27,-4
KG,Kyrgyzstan,Chuy Province,,,KG-C,,ChIJSYCimF4xmTgRu6zwHysIk4A,2021-02-13,-21,-11,-22,-19,-24,-4
KG,Kyrgyzstan,Chuy Province,,,KG-C,,ChIJSYCimF4xmTgRu6zwHysIk4A,2021-02-14,-12,-5,-5,-17,-18,-5
KG,Kyrgyzstan,Chuy Province,,,KG-C,,ChIJSYCimF4xmTgRu6zwHysIk4A,2021-02-15,-19,-10,-6,-14,-30,-4
KG,Kyrgyzstan,Chuy Province,,,KG-C,,ChIJSYCimF4xmTgRu6zwHysIk4A,2021-02-16,-18,-5,-8,-11,-30,-4
KG,Kyrgyzstan,Chuy Province,,,KG-C,,ChIJSYCimF4xmTgRu6zwHysIk4A,2021-02-17,-18,-1,-5,-11,-29,-4
KG,Kyrgyzstan,Chuy Province,,,KG-C,,ChIJSYCimF4xmTgRu6zwHysIk4A,2021-02-18,-17,-3,-5,-10,-30,-4
KG,Kyrgyzstan,Chuy Province,,,KG-C,,ChIJSYCimF4xmTgRu6zwHysIk4A,2021-02-19,-20,-5,-13,-14,-25,-4
KG,Kyrgyzstan,Chuy Province,,,KG-C,,ChIJSYCimF4xmTgRu6zwHysIk4A,2021-02-20,-22,-12,-27,-20,-22,-3
KG,Kyrgyzstan,Chuy Province,,,KG-C,,ChIJSYCimF4xmTgRu6zwHysIk4A,2021-02-21,-27,-14,-34,-25,-19,-1
KG,Kyrgyzstan,Chuy Province,,,KG-C,,ChIJSYCimF4xmTgRu6zwHysIk4A,2021-02-22,-19,-9,-16,-17,-29,-3
KG,Kyrgyzstan,Chuy Province,,,KG-C,,ChIJSYCimF4xmTgRu6zwHysIk4A,2021-02-23,-16,-5,-11,-19,-55,3
KG,Kyrgyzstan,Chuy Province,,,KG-C,,ChIJSYCimF4xmTgRu6zwHysIk4A,2021-02-24,-29,-13,-30,-16,-30,-1
KG,Kyrgyzstan,Chuy Province,,,KG-C,,ChIJSYCimF4xmTgRu6zwHysIk4A,2021-02-25,-30,-18,-34,-20,-33,1
KG,Kyrgyzstan,Chuy Province,,,KG-C,,ChIJSYCimF4xmTgRu6zwHysIk4A,2021-02-26,-27,-14,-33,-20,-26,0
KG,Kyrgyzstan,Chuy Province,,,KG-C,,ChIJSYCimF4xmTgRu6zwHysIk4A,2021-02-27,-24,-15,-29,-20,-21,-2
KG,Kyrgyzstan,Chuy Province,,,KG-C,,ChIJSYCimF4xmTgRu6zwHysIk4A,2021-02-28,-21,-9,-20,-15,-15,-3
KG,Kyrgyzstan,Chuy Province,,,KG-C,,ChIJSYCimF4xmTgRu6zwHysIk4A,2021-03-01,-19,-9,-9,-10,-26,-4
KG,Kyrgyzstan,Chuy Province,,,KG-C,,ChIJSYCimF4xmTgRu6zwHysIk4A,2021-03-02,-17,-2,-4,-5,-27,-5
KG,Kyrgyzstan,Chuy Province,,,KG-C,,ChIJSYCimF4xmTgRu6zwHysIk4A,2021-03-03,-22,-6,-23,-12,-27,-2
KG,Kyrgyzstan,Chuy Province,,,KG-C,,ChIJSYCimF4xmTgRu6zwHysIk4A,2021-03-04,-15,2,-7,-4,-26,-5
KG,Kyrgyzstan,Chuy Province,,,KG-C,,ChIJSYCimF4xmTgRu6zwHysIk4A,2021-03-05,-18,-4,-21,-8,-23,-4
KG,Kyrgyzstan,Chuy Province,,,KG-C,,ChIJSYCimF4xmTgRu6zwHysIk4A,2021-03-06,-12,-1,-7,-6,-18,-6
KG,Kyrgyzstan,Chuy Province,,,KG-C,,ChIJSYCimF4xmTgRu6zwHysIk4A,2021-03-07,-7,5,-9,-3,-9,-7
KG,Kyrgyzstan,Chuy Province,,,KG-C,,ChIJSYCimF4xmTgRu6zwHysIk4A,2021-03-08,-10,-1,5,-8,-66,3
KG,Kyrgyzstan,Chuy Province,,,KG-C,,ChIJSYCimF4xmTgRu6zwHysIk4A,2021-03-09,-16,-3,-1,-5,-28,-6
KG,Kyrgyzstan,Chuy Province,,,KG-C,,ChIJSYCimF4xmTgRu6zwHysIk4A,2021-03-10,-19,-1,-10,-4,-25,-5
KG,Kyrgyzstan,Chuy Province,,,KG-C,,ChIJSYCimF4xmTgRu6zwHysIk4A,2021-03-11,-19,-2,-15,-4,-27,-3
KG,Kyrgyzstan,Chuy Province,,,KG-C,,ChIJSYCimF4xmTgRu6zwHysIk4A,2021-03-12,-18,-1,-8,-4,-21,-5
KG,Kyrgyzstan,Chuy Province,,,KG-C,,ChIJSYCimF4xmTgRu6zwHysIk4A,2021-03-13,-24,-13,-28,-16,-19,-3
KG,Kyrgyzstan,Chuy Province,,,KG-C,,ChIJSYCimF4xmTgRu6zwHysIk4A,2021-03-14,-30,-18,-35,-22,-19,0
KG,Kyrgyzstan,Chuy Province,,,KG-C,,ChIJSYCimF4xmTgRu6zwHysIk4A,2021-03-15,-28,-14,-25,-15,-26,-1
KG,Kyrgyzstan,Chuy Province,,,KG-C,,ChIJSYCimF4xmTgRu6zwHysIk4A,2021-03-16,-25,-9,-23,-11,-26,-3
KG,Kyrgyzstan,Chuy Province,,,KG-C,,ChIJSYCimF4xmTgRu6zwHysIk4A,2021-03-17,-25,-6,-23,-11,-25,-2
KG,Kyrgyzstan,Chuy Province,,,KG-C,,ChIJSYCimF4xmTgRu6zwHysIk4A,2021-03-18,-17,1,-8,-2,-24,-5
KG,Kyrgyzstan,Chuy Province,,,KG-C,,ChIJSYCimF4xmTgRu6zwHysIk4A,2021-03-19,-17,1,-3,0,-21,-6
KG,Kyrgyzstan,Chuy Province,,,KG-C,,ChIJSYCimF4xmTgRu6zwHysIk4A,2021-03-20,-18,-4,-5,-1,-18,-6
KG,Kyrgyzstan,Chuy Province,,,KG-C,,ChIJSYCimF4xmTgRu6zwHysIk4A,2021-03-21,-22,-11,-15,-18,-24,-4
KG,Kyrgyzstan,Chuy Province,,,KG-C,,ChIJSYCimF4xmTgRu6zwHysIk4A,2021-03-22,-25,-13,-6,-14,-54,2
KG,Kyrgyzstan,Chuy Province,,,KG-C,,ChIJSYCimF4xmTgRu6zwHysIk4A,2021-03-23,-20,-5,-10,-6,-31,-5
KG,Kyrgyzstan,Chuy Province,,,KG-C,,ChIJSYCimF4xmTgRu6zwHysIk4A,2021-03-24,-17,2,0,-3,-30,-5
KG,Kyrgyzstan,Chuy Province,,,KG-C,,ChIJSYCimF4xmTgRu6zwHysIk4A,2021-03-25,-15,2,12,2,-31,-5
KG,Kyrgyzstan,Chuy Province,,,KG-C,,ChIJSYCimF4xmTgRu6zwHysIk4A,2021-03-26,-22,-5,-17,-8,-28,-3
KG,Kyrgyzstan,Chuy Province,,,KG-C,,ChIJSYCimF4xmTgRu6zwHysIk4A,2021-03-27,-19,-7,-3,-7,-18,-6
KG,Kyrgyzstan,Chuy Province,,,KG-C,,ChIJSYCimF4xmTgRu6zwHysIk4A,2021-03-28,-24,-11,-23,-15,-16,-3
KG,Kyrgyzstan,Chuy Province,,,KG-C,,ChIJSYCimF4xmTgRu6zwHysIk4A,2021-03-29,-26,-15,-24,-14,-32,0
KG,Kyrgyzstan,Chuy Province,,,KG-C,,ChIJSYCimF4xmTgRu6zwHysIk4A,2021-03-30,-24,-10,-22,-13,-32,-1
KG,Kyrgyzstan,Chuy Province,,,KG-C,,ChIJSYCimF4xmTgRu6zwHysIk4A,2021-03-31,-19,1,-14,-6,-30,-3
KG,Kyrgyzstan,Chuy Province,,,KG-C,,ChIJSYCimF4xmTgRu6zwHysIk4A,2021-04-01,-28,-12,-29,-14,-28,-1
KG,Kyrgyzstan,Chuy Province,,,KG-C,,ChIJSYCimF4xmTgRu6zwHysIk4A,2021-04-02,-19,-2,-12,-5,-21,-4
KG,Kyrgyzstan,Chuy Province,,,KG-C,,ChIJSYCimF4xmTgRu6zwHysIk4A,2021-04-03,-16,-2,4,-7,-16,-6
KG,Kyrgyzstan,Chuy Province,,,KG-C,,ChIJSYCimF4xmTgRu6zwHysIk4A,2021-04-04,-18,-3,-4,-6,-13,-6
KG,Kyrgyzstan,Chuy Province,,,KG-C,,ChIJSYCimF4xmTgRu6zwHysIk4A,2021-04-05,-23,-9,-18,-9,-25,-3
KG,Kyrgyzstan,Chuy Province,,,KG-C,,ChIJSYCimF4xmTgRu6zwHysIk4A,2021-04-06,-14,3,7,3,-24,-7
KG,Kyrgyzstan,Chuy Province,,,KG-C,,ChIJSYCimF4xmTgRu6zwHysIk4A,2021-04-07,-20,0,5,-5,-50,1
KG,Kyrgyzstan,Chuy Province,,,KG-C,,ChIJSYCimF4xmTgRu6zwHysIk4A,2021-04-08,-15,2,8,0,-25,-6
KG,Kyrgyzstan,Chuy Province,,,KG-C,,ChIJSYCimF4xmTgRu6zwHysIk4A,2021-04-09,-17,2,3,-3,-21,-6
KG,Kyrgyzstan,Chuy Province,,,KG-C,,ChIJSYCimF4xmTgRu6zwHysIk4A,2021-04-10,-16,-2,10,-5,-18,-8
KG,Kyrgyzstan,Chuy Province,,,KG-C,,ChIJSYCimF4xmTgRu6zwHysIk4A,2021-04-11,-17,0,6,-6,-10,-9
KG,Kyrgyzstan,Chuy Province,,,KG-C,,ChIJSYCimF4xmTgRu6zwHysIk4A,2021-04-12,-19,-1,4,-6,-31,-4
KG,Kyrgyzstan,Chuy Province,,,KG-C,,ChIJSYCimF4xmTgRu6zwHysIk4A,2021-04-13,-24,0,0,-8,-30,-3
KG,Kyrgyzstan,Chuy Province,,,KG-C,,ChIJSYCimF4xmTgRu6zwHysIk4A,2021-04-14,-22,2,5,-7,-26,-4
KG,Kyrgyzstan,Chuy Province,,,KG-C,,ChIJSYCimF4xmTgRu6zwHysIk4A,2021-04-15,-20,2,2,-3,-26,-4
KG,Kyrgyzstan,Chuy Province,,,KG-C,,ChIJSYCimF4xmTgRu6zwHysIk4A,2021-04-16,-23,-1,1,-7,-22,-4
KG,Kyrgyzstan,Chuy Province,,,KG-C,,ChIJSYCimF4xmTgRu6zwHysIk4A,2021-04-17,-24,-5,3,-12,-19,-5
KG,Kyrgyzstan,Chuy Province,,,KG-C,,ChIJSYCimF4xmTgRu6zwHysIk4A,2021-04-18,-26,-5,-12,-14,-15,-4
KG,Kyrgyzstan,Chuy Province,,,KG-C,,ChIJSYCimF4xmTgRu6zwHysIk4A,2021-04-19,-22,-6,8,-8,-25,-4
KG,Kyrgyzstan,Chuy Province,,,KG-C,,ChIJSYCimF4xmTgRu6zwHysIk4A,2021-04-20,-22,-2,-2,-6,-26,-4
KG,Kyrgyzstan,Chuy Province,,,KG-C,,ChIJSYCimF4xmTgRu6zwHysIk4A,2021-04-21,-31,-11,-30,-18,-30,0
KG,Kyrgyzstan,Chuy Province,,,KG-C,,ChIJSYCimF4xmTgRu6zwHysIk4A,2021-04-22,-26,-7,-22,-12,-29,-1
KG,Kyrgyzstan,Chuy Province,,,KG-C,,ChIJSYCimF4xmTgRu6zwHysIk4A,2021-04-23,-23,-2,-9,-8,-23,-4
KG,Kyrgyzstan,Chuy Province,,,KG-C,,ChIJSYCimF4xmTgRu6zwHysIk4A,2021-04-24,-23,-6,-3,-12,-19,-4
KG,Kyrgyzstan,Chuy Province,,,KG-C,,ChIJSYCimF4xmTgRu6zwHysIk4A,2021-04-25,-23,-2,6,-11,-14,-5
KG,Kyrgyzstan,Issyk-Kul Region,,,KG-Y,,ChIJmSXShAk8hDgRmaJEQ04p-zo,2021-01-01,-54,-30,-4,11,-74,11
KG,Kyrgyzstan,Issyk-Kul Region,,,KG-Y,,ChIJmSXShAk8hDgRmaJEQ04p-zo,2021-01-02,-27,-6,5,,-50,4
KG,Kyrgyzstan,Issyk-Kul Region,,,KG-Y,,ChIJmSXShAk8hDgRmaJEQ04p-zo,2021-01-03,-15,-5,-6,,-25,2
KG,Kyrgyzstan,Issyk-Kul Region,,,KG-Y,,ChIJmSXShAk8hDgRmaJEQ04p-zo,2021-01-04,-17,-5,-15,,-44,3
KG,Kyrgyzstan,Issyk-Kul Region,,,KG-Y,,ChIJmSXShAk8hDgRmaJEQ04p-zo,2021-01-05,-13,-5,-12,,-42,2
KG,Kyrgyzstan,Issyk-Kul Region,,,KG-Y,,ChIJmSXShAk8hDgRmaJEQ04p-zo,2021-01-06,-18,-9,-20,,-41,4
KG,Kyrgyzstan,Issyk-Kul Region,,,KG-Y,,ChIJmSXShAk8hDgRmaJEQ04p-zo,2021-01-07,-24,-15,-21,,-58,7
KG,Kyrgyzstan,Issyk-Kul Region,,,KG-Y,,ChIJmSXShAk8hDgRmaJEQ04p-zo,2021-01-08,-30,-25,-24,6,-54,10
KG,Kyrgyzstan,Issyk-Kul Region,,,KG-Y,,ChIJmSXShAk8hDgRmaJEQ04p-zo,2021-01-09,-24,-17,-22,,-31,2
KG,Kyrgyzstan,Issyk-Kul Region,,,KG-Y,,ChIJmSXShAk8hDgRmaJEQ04p-zo,2021-01-10,-13,0,-20,,-12,-4
KG,Kyrgyzstan,Issyk-Kul Region,,,KG-Y,,ChIJmSXShAk8hDgRmaJEQ04p-zo,2021-01-11,-15,-9,-26,,-38,1
KG,Kyrgyzstan,Issyk-Kul Region,,,KG-Y,,ChIJmSXShAk8hDgRmaJEQ04p-zo,2021-01-12,-13,-12,-26,,-32,-2
KG,Kyrgyzstan,Issyk-Kul Region,,,KG-Y,,ChIJmSXShAk8hDgRmaJEQ04p-zo,2021-01-13,-25,-16,-36,,-33,-3
KG,Kyrgyzstan,Issyk-Kul Region,,,KG-Y,,ChIJmSXShAk8hDgRmaJEQ04p-zo,2021-01-14,-33,-25,-36,,-41,-4
KG,Kyrgyzstan,Issyk-Kul Region,,,KG-Y,,ChIJmSXShAk8hDgRmaJEQ04p-zo,2021-01-15,-29,-23,-39,3,-40,-5
KG,Kyrgyzstan,Issyk-Kul Region,,,KG-Y,,ChIJmSXShAk8hDgRmaJEQ04p-zo,2021-01-16,-36,-29,-42,2,-42,-4
KG,Kyrgyzstan,Issyk-Kul Region,,,KG-Y,,ChIJmSXShAk8hDgRmaJEQ04p-zo,2021-01-17,-35,-27,-44,-3,-35,-2
KG,Kyrgyzstan,Issyk-Kul Region,,,KG-Y,,ChIJmSXShAk8hDgRmaJEQ04p-zo,2021-01-18,-38,-27,-44,3,-45,-3
KG,Kyrgyzstan,Issyk-Kul Region,,,KG-Y,,ChIJmSXShAk8hDgRmaJEQ04p-zo,2021-01-19,-38,-31,-40,,-44,-3
KG,Kyrgyzstan,Issyk-Kul Region,,,KG-Y,,ChIJmSXShAk8hDgRmaJEQ04p-zo,2021-01-20,-35,-28,-43,,-40,0
KG,Kyrgyzstan,Issyk-Kul Region,,,KG-Y,,ChIJmSXShAk8hDgRmaJEQ04p-zo,2021-01-21,-34,-26,-39,,-42,-2
KG,Kyrgyzstan,Issyk-Kul Region,,,KG-Y,,ChIJmSXShAk8hDgRmaJEQ04p-zo,2021-01-22,-38,-31,-43,-12,-42,0
KG,Kyrgyzstan,Issyk-Kul Region,,,KG-Y,,ChIJmSXShAk8hDgRmaJEQ04p-zo,2021-01-23,-45,-39,-47,-23,-40,2
KG,Kyrgyzstan,Issyk-Kul Region,,,KG-Y,,ChIJmSXShAk8hDgRmaJEQ04p-zo,2021-01-24,-39,-35,-45,-14,-34,1
KG,Kyrgyzstan,Issyk-Kul Region,,,KG-Y,,ChIJmSXShAk8hDgRmaJEQ04p-zo,2021-01-25,-35,-28,-42,-9,-40,-2
KG,Kyrgyzstan,Issyk-Kul Region,,,KG-Y,,ChIJmSXShAk8hDgRmaJEQ04p-zo,2021-01-26,-34,-29,-38,-4,-40,-2
KG,Kyrgyzstan,Issyk-Kul Region,,,KG-Y,,ChIJmSXShAk8hDgRmaJEQ04p-zo,2021-01-27,-36,-28,-42,,-37,-1
KG,Kyrgyzstan,Issyk-Kul Region,,,KG-Y,,ChIJmSXShAk8hDgRmaJEQ04p-zo,2021-01-28,-35,-27,-40,,-38,-3
KG,Kyrgyzstan,Issyk-Kul Region,,,KG-Y,,ChIJmSXShAk8hDgRmaJEQ04p-zo,2021-01-29,-32,-24,-42,11,-37,-4
KG,Kyrgyzstan,Issyk-Kul Region,,,KG-Y,,ChIJmSXShAk8hDgRmaJEQ04p-zo,2021-01-30,-30,-23,-44,1,-39,-4
KG,Kyrgyzstan,Issyk-Kul Region,,,KG-Y,,ChIJmSXShAk8hDgRmaJEQ04p-zo,2021-01-31,-33,-25,-51,-4,-37,-2
KG,Kyrgyzstan,Issyk-Kul Region,,,KG-Y,,ChIJmSXShAk8hDgRmaJEQ04p-zo,2021-02-01,-33,-26,-49,1,-39,-6
KG,Kyrgyzstan,Issyk-Kul Region,,,KG-Y,,ChIJmSXShAk8hDgRmaJEQ04p-zo,2021-02-02,-32,-28,-44,,-38,-6
KG,Kyrgyzstan,Issyk-Kul Region,,,KG-Y,,ChIJmSXShAk8hDgRmaJEQ04p-zo,2021-02-03,-33,-26,-46,0,-36,-5
KG,Kyrgyzstan,Issyk-Kul Region,,,KG-Y,,ChIJmSXShAk8hDgRmaJEQ04p-zo,2021-02-04,-34,-25,-44,,-39,-4
KG,Kyrgyzstan,Issyk-Kul Region,,,KG-Y,,ChIJmSXShAk8hDgRmaJEQ04p-zo,2021-02-05,-28,-26,-43,-6,-36,-4
KG,Kyrgyzstan,Issyk-Kul Region,,,KG-Y,,ChIJmSXShAk8hDgRmaJEQ04p-zo,2021-02-06,-28,-29,-48,-6,-36,-4
KG,Kyrgyzstan,Issyk-Kul Region,,,KG-Y,,ChIJmSXShAk8hDgRmaJEQ04p-zo,2021-02-07,-34,-29,-47,-8,-35,-2
KG,Kyrgyzstan,Issyk-Kul Region,,,KG-Y,,ChIJmSXShAk8hDgRmaJEQ04p-zo,2021-02-08,-34,-32,-48,-12,-39,-4
KG,Kyrgyzstan,Issyk-Kul Region,,,KG-Y,,ChIJmSXShAk8hDgRmaJEQ04p-zo,2021-02-09,-28,-28,-42,-5,-38,-3
KG,Kyrgyzstan,Issyk-Kul Region,,,KG-Y,,ChIJmSXShAk8hDgRmaJEQ04p-zo,2021-02-10,-31,-27,-48,-1,-33,-5
KG,Kyrgyzstan,Issyk-Kul Region,,,KG-Y,,ChIJmSXShAk8hDgRmaJEQ04p-zo,2021-02-11,-28,-22,-47,,-37,-6
KG,Kyrgyzstan,Issyk-Kul Region,,,KG-Y,,ChIJmSXShAk8hDgRmaJEQ04p-zo,2021-02-12,-25,-20,-51,10,-35,-9
KG,Kyrgyzstan,Issyk-Kul Region,,,KG-Y,,ChIJmSXShAk8hDgRmaJEQ04p-zo,2021-02-13,-25,-24,-54,0,-34,-9
KG,Kyrgyzstan,Issyk-Kul Region,,,KG-Y,,ChIJmSXShAk8hDgRmaJEQ04p-zo,2021-02-14,-25,-17,-54,-2,-31,-8
KG,Kyrgyzstan,Issyk-Kul Region,,,KG-Y,,ChIJmSXShAk8hDgRmaJEQ04p-zo,2021-02-15,-28,-21,-55,8,-38,-10
KG,Kyrgyzstan,Issyk-Kul Region,,,KG-Y,,ChIJmSXShAk8hDgRmaJEQ04p-zo,2021-02-16,-25,-23,-54,,-38,-10
KG,Kyrgyzstan,Issyk-Kul Region,,,KG-Y,,ChIJmSXShAk8hDgRmaJEQ04p-zo,2021-02-17,-30,-20,-53,,-34,-10
KG,Kyrgyzstan,Issyk-Kul Region,,,KG-Y,,ChIJmSXShAk8hDgRmaJEQ04p-zo,2021-02-18,-27,-20,-54,,-36,-10
KG,Kyrgyzstan,Issyk-Kul Region,,,KG-Y,,ChIJmSXShAk8hDgRmaJEQ04p-zo,2021-02-19,-27,-17,-53,13,-34,-8
KG,Kyrgyzstan,Issyk-Kul Region,,,KG-Y,,ChIJmSXShAk8hDgRmaJEQ04p-zo,2021-02-20,-25,-22,-52,-8,-32,-8
KG,Kyrgyzstan,Issyk-Kul Region,,,KG-Y,,ChIJmSXShAk8hDgRmaJEQ04p-zo,2021-02-21,-30,-19,-55,-6,-35,-5
KG,Kyrgyzstan,Issyk-Kul Region,,,KG-Y,,ChIJmSXShAk8hDgRmaJEQ04p-zo,2021-02-22,-26,-19,-53,15,-35,-10
KG,Kyrgyzstan,Issyk-Kul Region,,,KG-Y,,ChIJmSXShAk8hDgRmaJEQ04p-zo,2021-02-23,-29,-28,-54,,-64,-2
KG,Kyrgyzstan,Issyk-Kul Region,,,KG-Y,,ChIJmSXShAk8hDgRmaJEQ04p-zo,2021-02-24,-29,-22,-56,,-37,-8
KG,Kyrgyzstan,Issyk-Kul Region,,,KG-Y,,ChIJmSXShAk8hDgRmaJEQ04p-zo,2021-02-25,-35,-28,-57,,-44,-6
KG,Kyrgyzstan,Issyk-Kul Region,,,KG-Y,,ChIJmSXShAk8hDgRmaJEQ04p-zo,2021-02-26,-31,-25,-54,8,-35,-6
KG,Kyrgyzstan,Issyk-Kul Region,,,KG-Y,,ChIJmSXShAk8hDgRmaJEQ04p-zo,2021-02-27,-30,-26,-57,-2,-31,-5
KG,Kyrgyzstan,Issyk-Kul Region,,,KG-Y,,ChIJmSXShAk8hDgRmaJEQ04p-zo,2021-02-28,-28,-18,-55,6,-33,-6
KG,Kyrgyzstan,Issyk-Kul Region,,,KG-Y,,ChIJmSXShAk8hDgRmaJEQ04p-zo,2021-03-01,-25,-19,-54,,-34,-11
KG,Kyrgyzstan,Issyk-Kul Region,,,KG-Y,,ChIJmSXShAk8hDgRmaJEQ04p-zo,2021-03-02,-23,-15,-47,,-33,-12
KG,Kyrgyzstan,Issyk-Kul Region,,,KG-Y,,ChIJmSXShAk8hDgRmaJEQ04p-zo,2021-03-03,-23,-17,-55,,-32,-10
KG,Kyrgyzstan,Issyk-Kul Region,,,KG-Y,,ChIJmSXShAk8hDgRmaJEQ04p-zo,2021-03-04,-18,-13,-51,,-34,-11
KG,Kyrgyzstan,Issyk-Kul Region,,,KG-Y,,ChIJmSXShAk8hDgRmaJEQ04p-zo,2021-03-05,-20,-18,-55,,-33,-9
KG,Kyrgyzstan,Issyk-Kul Region,,,KG-Y,,ChIJmSXShAk8hDgRmaJEQ04p-zo,2021-03-06,-13,-9,-54,,-30,-10
KG,Kyrgyzstan,Issyk-Kul Region,,,KG-Y,,ChIJmSXShAk8hDgRmaJEQ04p-zo,2021-03-07,-12,-4,-51,20,-33,-9
KG,Kyrgyzstan,Issyk-Kul Region,,,KG-Y,,ChIJmSXShAk8hDgRmaJEQ04p-zo,2021-03-08,-14,-13,-55,,-68,-5
KG,Kyrgyzstan,Issyk-Kul Region,,,KG-Y,,ChIJmSXShAk8hDgRmaJEQ04p-zo,2021-03-09,-15,-19,-49,,-32,-12
KG,Kyrgyzstan,Issyk-Kul Region,,,KG-Y,,ChIJmSXShAk8hDgRmaJEQ04p-zo,2021-03-10,-21,-15,-53,,-31,-9
KG,Kyrgyzstan,Issyk-Kul Region,,,KG-Y,,ChIJmSXShAk8hDgRmaJEQ04p-zo,2021-03-11,-20,-16,-53,,-32,-10
KG,Kyrgyzstan,Issyk-Kul Region,,,KG-Y,,ChIJmSXShAk8hDgRmaJEQ04p-zo,2021-03-12,-14,-11,-51,,-28,-11
KG,Kyrgyzstan,Issyk-Kul Region,,,KG-Y,,ChIJmSXShAk8hDgRmaJEQ04p-zo,2021-03-13,-21,-13,-52,15,-28,-9
KG,Kyrgyzstan,Issyk-Kul Region,,,KG-Y,,ChIJmSXShAk8hDgRmaJEQ04p-zo,2021-03-14,-26,-13,-56,4,-36,-6
KG,Kyrgyzstan,Issyk-Kul Region,,,KG-Y,,ChIJmSXShAk8hDgRmaJEQ04p-zo,2021-03-15,-20,-8,-54,10,-33,-10
KG,Kyrgyzstan,Issyk-Kul Region,,,KG-Y,,ChIJmSXShAk8hDgRmaJEQ04p-zo,2021-03-16,-18,-13,-51,,-35,-10
KG,Kyrgyzstan,Issyk-Kul Region,,,KG-Y,,ChIJmSXShAk8hDgRmaJEQ04p-zo,2021-03-17,-24,-18,-56,,-31,-9
KG,Kyrgyzstan,Issyk-Kul Region,,,KG-Y,,ChIJmSXShAk8hDgRmaJEQ04p-zo,2021-03-18,-21,-15,-50,,-32,-11
KG,Kyrgyzstan,Issyk-Kul Region,,,KG-Y,,ChIJmSXShAk8hDgRmaJEQ04p-zo,2021-03-19,-12,-7,-48,,-30,-11
KG,Kyrgyzstan,Issyk-Kul Region,,,KG-Y,,ChIJmSXShAk8hDgRmaJEQ04p-zo,2021-03-20,-14,-6,-46,,-32,-10
KG,Kyrgyzstan,Issyk-Kul Region,,,KG-Y,,ChIJmSXShAk8hDgRmaJEQ04p-zo,2021-03-21,-17,-11,-41,18,-40,-10
KG,Kyrgyzstan,Issyk-Kul Region,,,KG-Y,,ChIJmSXShAk8hDgRmaJEQ04p-zo,2021-03-22,-26,-21,-51,,-65,-5
KG,Kyrgyzstan,Issyk-Kul Region,,,KG-Y,,ChIJmSXShAk8hDgRmaJEQ04p-zo,2021-03-23,-11,-7,-43,,-46,-12
KG,Kyrgyzstan,Issyk-Kul Region,,,KG-Y,,ChIJmSXShAk8hDgRmaJEQ04p-zo,2021-03-24,-15,-8,-45,,-45,-9
KG,Kyrgyzstan,Issyk-Kul Region,,,KG-Y,,ChIJmSXShAk8hDgRmaJEQ04p-zo,2021-03-25,-15,-6,-42,,-48,-11
KG,Kyrgyzstan,Issyk-Kul Region,,,KG-Y,,ChIJmSXShAk8hDgRmaJEQ04p-zo,2021-03-26,-15,-11,-45,,-47,-9
KG,Kyrgyzstan,Issyk-Kul Region,,,KG-Y,,ChIJmSXShAk8hDgRmaJEQ04p-zo,2021-03-27,-20,-10,-45,,-42,-9
KG,Kyrgyzstan,Issyk-Kul Region,,,KG-Y,,ChIJmSXShAk8hDgRmaJEQ04p-zo,2021-03-28,-25,-16,-50,15,-36,-7
KG,Kyrgyzstan,Issyk-Kul Region,,,KG-Y,,ChIJmSXShAk8hDgRmaJEQ04p-zo,2021-03-29,-24,-20,-55,,-51,-6
KG,Kyrgyzstan,Issyk-Kul Region,,,KG-Y,,ChIJmSXShAk8hDgRmaJEQ04p-zo,2021-03-30,-22,-19,-52,,-50,-7
KG,Kyrgyzstan,Issyk-Kul Region,,,KG-Y,,ChIJmSXShAk8hDgRmaJEQ04p-zo,2021-03-31,-8,-7,-46,,-47,-9
KG,Kyrgyzstan,Issyk-Kul Region,,,KG-Y,,ChIJmSXShAk8hDgRmaJEQ04p-zo,2021-04-01,-16,-14,-48,,-39,-10
KG,Kyrgyzstan,Issyk-Kul Region,,,KG-Y,,ChIJmSXShAk8hDgRmaJEQ04p-zo,2021-04-02,-17,-13,-51,15,-42,-6
KG,Kyrgyzstan,Issyk-Kul Region,,,KG-Y,,ChIJmSXShAk8hDgRmaJEQ04p-zo,2021-04-03,-14,-10,-49,8,-36,-9
KG,Kyrgyzstan,Issyk-Kul Region,,,KG-Y,,ChIJmSXShAk8hDgRmaJEQ04p-zo,2021-04-04,-17,-8,-46,7,-37,-10
KG,Kyrgyzstan,Issyk-Kul Region,,,KG-Y,,ChIJmSXShAk8hDgRmaJEQ04p-zo,2021-04-05,-20,-11,-48,,-35,-11
KG,Kyrgyzstan,Issyk-Kul Region,,,KG-Y,,ChIJmSXShAk8hDgRmaJEQ04p-zo,2021-04-06,-12,-10,-45,,-33,-13
KG,Kyrgyzstan,Issyk-Kul Region,,,KG-Y,,ChIJmSXShAk8hDgRmaJEQ04p-zo,2021-04-07,-22,-22,-52,,-62,-3
KG,Kyrgyzstan,Issyk-Kul Region,,,KG-Y,,ChIJmSXShAk8hDgRmaJEQ04p-zo,2021-04-08,-17,-10,-44,,-33,-12
KG,Kyrgyzstan,Issyk-Kul Region,,,KG-Y,,ChIJmSXShAk8hDgRmaJEQ04p-zo,2021-04-09,-10,-11,-40,,-32,-13
KG,Kyrgyzstan,Issyk-Kul Region,,,KG-Y,,ChIJmSXShAk8hDgRmaJEQ04p-zo,2021-04-10,-11,-9,-39,,-30,-14
KG,Kyrgyzstan,Issyk-Kul Region,,,KG-Y,,ChIJmSXShAk8hDgRmaJEQ04p-zo,2021-04-11,-9,5,-36,,-31,-14
KG,Kyrgyzstan,Issyk-Kul Region,,,KG-Y,,ChIJmSXShAk8hDgRmaJEQ04p-zo,2021-04-12,-8,-2,-45,,-45,-12
KG,Kyrgyzstan,Issyk-Kul Region,,,KG-Y,,ChIJmSXShAk8hDgRmaJEQ04p-zo,2021-04-13,-11,-12,-45,,-34,-14
KG,Kyrgyzstan,Issyk-Kul Region,,,KG-Y,,ChIJmSXShAk8hDgRmaJEQ04p-zo,2021-04-14,-17,-9,-46,,-32,-12
KG,Kyrgyzstan,Issyk-Kul Region,,,KG-Y,,ChIJmSXShAk8hDgRmaJEQ04p-zo,2021-04-15,-15,-10,-44,,-33,-13
KG,Kyrgyzstan,Issyk-Kul Region,,,KG-Y,,ChIJmSXShAk8hDgRmaJEQ04p-zo,2021-04-16,-16,-7,-34,13,-35,-12
KG,Kyrgyzstan,Issyk-Kul Region,,,KG-Y,,ChIJmSXShAk8hDgRmaJEQ04p-zo,2021-04-17,-22,-17,-44,16,-32,-11
KG,Kyrgyzstan,Issyk-Kul Region,,,KG-Y,,ChIJmSXShAk8hDgRmaJEQ04p-zo,2021-04-18,-19,-11,-47,11,-36,-9
KG,Kyrgyzstan,Issyk-Kul Region,,,KG-Y,,ChIJmSXShAk8hDgRmaJEQ04p-zo,2021-04-19,-17,-15,-46,16,-33,-11
KG,Kyrgyzstan,Issyk-Kul Region,,,KG-Y,,ChIJmSXShAk8hDgRmaJEQ04p-zo,2021-04-20,-15,-11,-45,,-33,-12
KG,Kyrgyzstan,Issyk-Kul Region,,,KG-Y,,ChIJmSXShAk8hDgRmaJEQ04p-zo,2021-04-21,-22,-16,-50,,-32,-10
KG,Kyrgyzstan,Issyk-Kul Region,,,KG-Y,,ChIJmSXShAk8hDgRmaJEQ04p-zo,2021-04-22,-25,-27,-51,,-36,-8
KG,Kyrgyzstan,Issyk-Kul Region,,,KG-Y,,ChIJmSXShAk8hDgRmaJEQ04p-zo,2021-04-23,-13,-8,-45,,-29,-10
KG,Kyrgyzstan,Issyk-Kul Region,,,KG-Y,,ChIJmSXShAk8hDgRmaJEQ04p-zo,2021-04-24,-20,-14,-44,16,-34,-10
KG,Kyrgyzstan,Issyk-Kul Region,,,KG-Y,,ChIJmSXShAk8hDgRmaJEQ04p-zo,2021-04-25,-20,-6,-44,11,-36,-9
KG,Kyrgyzstan,Jalal-Abad Region,,,KG-J,,ChIJZ_Y3HKc3ozgRGVCldXSjb00,2021-01-01,-50,-52,-9,-33,-72,12
KG,Kyrgyzstan,Jalal-Abad Region,,,KG-J,,ChIJZ_Y3HKc3ozgRGVCldXSjb00,2021-01-02,-33,-35,-5,1,-48,4
KG,Kyrgyzstan,Jalal-Abad Region,,,KG-J,,ChIJZ_Y3HKc3ozgRGVCldXSjb00,2021-01-03,-22,-24,0,6,-33,2
KG,Kyrgyzstan,Jalal-Abad Region,,,KG-J,,ChIJZ_Y3HKc3ozgRGVCldXSjb00,2021-01-04,-22,-25,-9,5,-44,2
KG,Kyrgyzstan,Jalal-Abad Region,,,KG-J,,ChIJZ_Y3HKc3ozgRGVCldXSjb00,2021-01-05,-18,-26,-4,15,-41,4
KG,Kyrgyzstan,Jalal-Abad Region,,,KG-J,,ChIJZ_Y3HKc3ozgRGVCldXSjb00,2021-01-06,-20,-23,-7,10,-40,5
KG,Kyrgyzstan,Jalal-Abad Region,,,KG-J,,ChIJZ_Y3HKc3ozgRGVCldXSjb00,2021-01-07,-19,-31,-12,9,-55,6
KG,Kyrgyzstan,Jalal-Abad Region,,,KG-J,,ChIJZ_Y3HKc3ozgRGVCldXSjb00,2021-01-08,-27,-26,-15,-6,-50,6
KG,Kyrgyzstan,Jalal-Abad Region,,,KG-J,,ChIJZ_Y3HKc3ozgRGVCldXSjb00,2021-01-09,-23,-27,-17,11,-30,1
KG,Kyrgyzstan,Jalal-Abad Region,,,KG-J,,ChIJZ_Y3HKc3ozgRGVCldXSjb00,2021-01-10,-17,-21,-8,5,-19,-3
KG,Kyrgyzstan,Jalal-Abad Region,,,KG-J,,ChIJZ_Y3HKc3ozgRGVCldXSjb00,2021-01-11,-14,-17,-15,11,-39,0
KG,Kyrgyzstan,Jalal-Abad Region,,,KG-J,,ChIJZ_Y3HKc3ozgRGVCldXSjb00,2021-01-12,-9,-15,-11,21,-34,-2
KG,Kyrgyzstan,Jalal-Abad Region,,,KG-J,,ChIJZ_Y3HKc3ozgRGVCldXSjb00,2021-01-13,-18,-21,-18,6,-34,-2
KG,Kyrgyzstan,Jalal-Abad Region,,,KG-J,,ChIJZ_Y3HKc3ozgRGVCldXSjb00,2021-01-14,-23,-24,-27,4,-41,-5
KG,Kyrgyzstan,Jalal-Abad Region,,,KG-J,,ChIJZ_Y3HKc3ozgRGVCldXSjb00,2021-01-15,-30,-27,-29,-5,-43,-6
KG,Kyrgyzstan,Jalal-Abad Region,,,KG-J,,ChIJZ_Y3HKc3ozgRGVCldXSjb00,2021-01-16,-31,-31,-37,-6,-41,-5
KG,Kyrgyzstan,Jalal-Abad Region,,,KG-J,,ChIJZ_Y3HKc3ozgRGVCldXSjb00,2021-01-17,-28,-31,-30,-4,-39,-4
KG,Kyrgyzstan,Jalal-Abad Region,,,KG-J,,ChIJZ_Y3HKc3ozgRGVCldXSjb00,2021-01-18,-29,-29,-31,-2,-48,-3
KG,Kyrgyzstan,Jalal-Abad Region,,,KG-J,,ChIJZ_Y3HKc3ozgRGVCldXSjb00,2021-01-19,-27,-31,-28,9,-44,-3
KG,Kyrgyzstan,Jalal-Abad Region,,,KG-J,,ChIJZ_Y3HKc3ozgRGVCldXSjb00,2021-01-20,-28,-28,-31,5,-42,-3
KG,Kyrgyzstan,Jalal-Abad Region,,,KG-J,,ChIJZ_Y3HKc3ozgRGVCldXSjb00,2021-01-21,-26,-26,-30,12,-43,-4
KG,Kyrgyzstan,Jalal-Abad Region,,,KG-J,,ChIJZ_Y3HKc3ozgRGVCldXSjb00,2021-01-22,-44,-38,-32,-18,-48,-2
KG,Kyrgyzstan,Jalal-Abad Region,,,KG-J,,ChIJZ_Y3HKc3ozgRGVCldXSjb00,2021-01-23,-39,-37,-34,-25,-40,1
KG,Kyrgyzstan,Jalal-Abad Region,,,KG-J,,ChIJZ_Y3HKc3ozgRGVCldXSjb00,2021-01-24,-32,-32,-32,-9,-40,0
KG,Kyrgyzstan,Jalal-Abad Region,,,KG-J,,ChIJZ_Y3HKc3ozgRGVCldXSjb00,2021-01-25,-29,-32,-28,0,-45,-3
KG,Kyrgyzstan,Jalal-Abad Region,,,KG-J,,ChIJZ_Y3HKc3ozgRGVCldXSjb00,2021-01-26,-28,-31,-26,12,-42,-1
KG,Kyrgyzstan,Jalal-Abad Region,,,KG-J,,ChIJZ_Y3HKc3ozgRGVCldXSjb00,2021-01-27,-30,-31,-30,-2,-40,-2
KG,Kyrgyzstan,Jalal-Abad Region,,,KG-J,,ChIJZ_Y3HKc3ozgRGVCldXSjb00,2021-01-28,-27,-27,-30,6,-42,-3
KG,Kyrgyzstan,Jalal-Abad Region,,,KG-J,,ChIJZ_Y3HKc3ozgRGVCldXSjb00,2021-01-29,-29,-25,-33,-3,-41,-5
KG,Kyrgyzstan,Jalal-Abad Region,,,KG-J,,ChIJZ_Y3HKc3ozgRGVCldXSjb00,2021-01-30,-27,-25,-37,-1,-39,-7
KG,Kyrgyzstan,Jalal-Abad Region,,,KG-J,,ChIJZ_Y3HKc3ozgRGVCldXSjb00,2021-01-31,-25,-24,-33,1,-37,-6
KG,Kyrgyzstan,Jalal-Abad Region,,,KG-J,,ChIJZ_Y3HKc3ozgRGVCldXSjb00,2021-02-01,-26,-27,-33,2,-46,-7
KG,Kyrgyzstan,Jalal-Abad Region,,,KG-J,,ChIJZ_Y3HKc3ozgRGVCldXSjb00,2021-02-02,-21,-25,-32,18,-41,-7
KG,Kyrgyzstan,Jalal-Abad Region,,,KG-J,,ChIJZ_Y3HKc3ozgRGVCldXSjb00,2021-02-03,-25,-25,-31,-4,-41,-7
KG,Kyrgyzstan,Jalal-Abad Region,,,KG-J,,ChIJZ_Y3HKc3ozgRGVCldXSjb00,2021-02-04,-20,-23,-33,2,-45,-6
KG,Kyrgyzstan,Jalal-Abad Region,,,KG-J,,ChIJZ_Y3HKc3ozgRGVCldXSjb00,2021-02-05,-26,-24,-33,-4,-44,-6
KG,Kyrgyzstan,Jalal-Abad Region,,,KG-J,,ChIJZ_Y3HKc3ozgRGVCldXSjb00,2021-02-06,-28,-29,-34,-13,-42,-5
KG,Kyrgyzstan,Jalal-Abad Region,,,KG-J,,ChIJZ_Y3HKc3ozgRGVCldXSjb00,2021-02-07,-29,-29,-28,-13,-42,-4
KG,Kyrgyzstan,Jalal-Abad Region,,,KG-J,,ChIJZ_Y3HKc3ozgRGVCldXSjb00,2021-02-08,-27,-26,-33,-7,-48,-6
KG,Kyrgyzstan,Jalal-Abad Region,,,KG-J,,ChIJZ_Y3HKc3ozgRGVCldXSjb00,2021-02-09,-22,-26,-32,-2,-44,-4
KG,Kyrgyzstan,Jalal-Abad Region,,,KG-J,,ChIJZ_Y3HKc3ozgRGVCldXSjb00,2021-02-10,-25,-25,-33,-4,-41,-8
KG,Kyrgyzstan,Jalal-Abad Region,,,KG-J,,ChIJZ_Y3HKc3ozgRGVCldXSjb00,2021-02-11,-19,-22,-37,1,-43,-8
KG,Kyrgyzstan,Jalal-Abad Region,,,KG-J,,ChIJZ_Y3HKc3ozgRGVCldXSjb00,2021-02-12,-21,-16,-39,-6,-42,-12
KG,Kyrgyzstan,Jalal-Abad Region,,,KG-J,,ChIJZ_Y3HKc3ozgRGVCldXSjb00,2021-02-13,-25,-24,-44,-10,-42,-9
KG,Kyrgyzstan,Jalal-Abad Region,,,KG-J,,ChIJZ_Y3HKc3ozgRGVCldXSjb00,2021-02-14,-20,-22,-39,-15,-39,-10
KG,Kyrgyzstan,Jalal-Abad Region,,,KG-J,,ChIJZ_Y3HKc3ozgRGVCldXSjb00,2021-02-15,-20,-22,-42,-8,-47,-11
KG,Kyrgyzstan,Jalal-Abad Region,,,KG-J,,ChIJZ_Y3HKc3ozgRGVCldXSjb00,2021-02-16,-22,-24,-43,-2,-44,-10
KG,Kyrgyzstan,Jalal-Abad Region,,,KG-J,,ChIJZ_Y3HKc3ozgRGVCldXSjb00,2021-02-17,-23,-23,-42,-7,-42,-10
KG,Kyrgyzstan,Jalal-Abad Region,,,KG-J,,ChIJZ_Y3HKc3ozgRGVCldXSjb00,2021-02-18,-20,-23,-42,-7,-43,-12
KG,Kyrgyzstan,Jalal-Abad Region,,,KG-J,,ChIJZ_Y3HKc3ozgRGVCldXSjb00,2021-02-19,-26,-21,-41,-5,-43,-12
KG,Kyrgyzstan,Jalal-Abad Region,,,KG-J,,ChIJZ_Y3HKc3ozgRGVCldXSjb00,2021-02-20,-29,-28,-43,-13,-41,-8
KG,Kyrgyzstan,Jalal-Abad Region,,,KG-J,,ChIJZ_Y3HKc3ozgRGVCldXSjb00,2021-02-21,-29,-28,-40,-27,-41,-4
KG,Kyrgyzstan,Jalal-Abad Region,,,KG-J,,ChIJZ_Y3HKc3ozgRGVCldXSjb00,2021-02-22,-23,-21,-42,-5,-47,-10
KG,Kyrgyzstan,Jalal-Abad Region,,,KG-J,,ChIJZ_Y3HKc3ozgRGVCldXSjb00,2021-02-23,-27,-32,-44,-7,-61,-3
KG,Kyrgyzstan,Jalal-Abad Region,,,KG-J,,ChIJZ_Y3HKc3ozgRGVCldXSjb00,2021-02-24,-27,-26,-45,-20,-42,-7
KG,Kyrgyzstan,Jalal-Abad Region,,,KG-J,,ChIJZ_Y3HKc3ozgRGVCldXSjb00,2021-02-25,-34,-32,-48,-27,-47,-5
KG,Kyrgyzstan,Jalal-Abad Region,,,KG-J,,ChIJZ_Y3HKc3ozgRGVCldXSjb00,2021-02-26,-32,-25,-44,-12,-42,-5
KG,Kyrgyzstan,Jalal-Abad Region,,,KG-J,,ChIJZ_Y3HKc3ozgRGVCldXSjb00,2021-02-27,-30,-25,-46,-26,-39,-4
KG,Kyrgyzstan,Jalal-Abad Region,,,KG-J,,ChIJZ_Y3HKc3ozgRGVCldXSjb00,2021-02-28,-21,-21,-39,-18,-36,-6
KG,Kyrgyzstan,Jalal-Abad Region,,,KG-J,,ChIJZ_Y3HKc3ozgRGVCldXSjb00,2021-03-01,-17,-19,-42,-9,-41,-9
KG,Kyrgyzstan,Jalal-Abad Region,,,KG-J,,ChIJZ_Y3HKc3ozgRGVCldXSjb00,2021-03-02,-18,-19,-40,-6,-39,-10
KG,Kyrgyzstan,Jalal-Abad Region,,,KG-J,,ChIJZ_Y3HKc3ozgRGVCldXSjb00,2021-03-03,-20,-19,-44,-18,-38,-9
KG,Kyrgyzstan,Jalal-Abad Region,,,KG-J,,ChIJZ_Y3HKc3ozgRGVCldXSjb00,2021-03-04,-19,-16,-44,-10,-39,-9
KG,Kyrgyzstan,Jalal-Abad Region,,,KG-J,,ChIJZ_Y3HKc3ozgRGVCldXSjb00,2021-03-05,-18,-12,-41,-8,-37,-12
KG,Kyrgyzstan,Jalal-Abad Region,,,KG-J,,ChIJZ_Y3HKc3ozgRGVCldXSjb00,2021-03-06,-19,-17,-41,-8,-37,-10
KG,Kyrgyzstan,Jalal-Abad Region,,,KG-J,,ChIJZ_Y3HKc3ozgRGVCldXSjb00,2021-03-07,-16,-13,-34,-17,-36,-9
KG,Kyrgyzstan,Jalal-Abad Region,,,KG-J,,ChIJZ_Y3HKc3ozgRGVCldXSjb00,2021-03-08,-19,-23,-39,-15,-65,-6
KG,Kyrgyzstan,Jalal-Abad Region,,,KG-J,,ChIJZ_Y3HKc3ozgRGVCldXSjb00,2021-03-09,-16,-18,-40,-4,-39,-12
KG,Kyrgyzstan,Jalal-Abad Region,,,KG-J,,ChIJZ_Y3HKc3ozgRGVCldXSjb00,2021-03-10,-19,-22,-44,-16,-39,-9
KG,Kyrgyzstan,Jalal-Abad Region,,,KG-J,,ChIJZ_Y3HKc3ozgRGVCldXSjb00,2021-03-11,-19,-20,-44,-18,-43,-9
KG,Kyrgyzstan,Jalal-Abad Region,,,KG-J,,ChIJZ_Y3HKc3ozgRGVCldXSjb00,2021-03-12,-19,-15,-39,-5,-39,-12
KG,Kyrgyzstan,Jalal-Abad Region,,,KG-J,,ChIJZ_Y3HKc3ozgRGVCldXSjb00,2021-03-13,-19,-21,-39,-14,-36,-10
KG,Kyrgyzstan,Jalal-Abad Region,,,KG-J,,ChIJZ_Y3HKc3ozgRGVCldXSjb00,2021-03-14,-24,-27,-39,-23,-39,-5
KG,Kyrgyzstan,Jalal-Abad Region,,,KG-J,,ChIJZ_Y3HKc3ozgRGVCldXSjb00,2021-03-15,-21,-21,-45,-19,-43,-9
KG,Kyrgyzstan,Jalal-Abad Region,,,KG-J,,ChIJZ_Y3HKc3ozgRGVCldXSjb00,2021-03-16,-17,-18,-41,1,-39,-11
KG,Kyrgyzstan,Jalal-Abad Region,,,KG-J,,ChIJZ_Y3HKc3ozgRGVCldXSjb00,2021-03-17,-19,-22,-44,-10,-37,-7
KG,Kyrgyzstan,Jalal-Abad Region,,,KG-J,,ChIJZ_Y3HKc3ozgRGVCldXSjb00,2021-03-18,-11,-16,-41,-1,-39,-12
KG,Kyrgyzstan,Jalal-Abad Region,,,KG-J,,ChIJZ_Y3HKc3ozgRGVCldXSjb00,2021-03-19,-14,-12,-36,6,-39,-13
KG,Kyrgyzstan,Jalal-Abad Region,,,KG-J,,ChIJZ_Y3HKc3ozgRGVCldXSjb00,2021-03-20,-18,-20,-36,-4,-37,-10
KG,Kyrgyzstan,Jalal-Abad Region,,,KG-J,,ChIJZ_Y3HKc3ozgRGVCldXSjb00,2021-03-21,-19,-19,-27,-20,-37,-7
KG,Kyrgyzstan,Jalal-Abad Region,,,KG-J,,ChIJZ_Y3HKc3ozgRGVCldXSjb00,2021-03-22,-23,-32,-40,-9,-62,-6
KG,Kyrgyzstan,Jalal-Abad Region,,,KG-J,,ChIJZ_Y3HKc3ozgRGVCldXSjb00,2021-03-23,-11,-18,-35,12,-43,-11
KG,Kyrgyzstan,Jalal-Abad Region,,,KG-J,,ChIJZ_Y3HKc3ozgRGVCldXSjb00,2021-03-24,-14,-20,-35,-6,-45,-11
KG,Kyrgyzstan,Jalal-Abad Region,,,KG-J,,ChIJZ_Y3HKc3ozgRGVCldXSjb00,2021-03-25,-13,-19,-36,1,-47,-12
KG,Kyrgyzstan,Jalal-Abad Region,,,KG-J,,ChIJZ_Y3HKc3ozgRGVCldXSjb00,2021-03-26,-15,-17,-41,1,-45,-7
KG,Kyrgyzstan,Jalal-Abad Region,,,KG-J,,ChIJZ_Y3HKc3ozgRGVCldXSjb00,2021-03-27,-18,-20,-36,-11,-40,-10
KG,Kyrgyzstan,Jalal-Abad Region,,,KG-J,,ChIJZ_Y3HKc3ozgRGVCldXSjb00,2021-03-28,-18,-22,-35,-10,-38,-6
KG,Kyrgyzstan,Jalal-Abad Region,,,KG-J,,ChIJZ_Y3HKc3ozgRGVCldXSjb00,2021-03-29,-20,-23,-42,-8,-49,-7
KG,Kyrgyzstan,Jalal-Abad Region,,,KG-J,,ChIJZ_Y3HKc3ozgRGVCldXSjb00,2021-03-30,-13,-17,-37,4,-44,-8
KG,Kyrgyzstan,Jalal-Abad Region,,,KG-J,,ChIJZ_Y3HKc3ozgRGVCldXSjb00,2021-03-31,-15,-13,-40,-1,-43,-9
KG,Kyrgyzstan,Jalal-Abad Region,,,KG-J,,ChIJZ_Y3HKc3ozgRGVCldXSjb00,2021-04-01,-20,-15,-43,-2,-41,-10
KG,Kyrgyzstan,Jalal-Abad Region,,,KG-J,,ChIJZ_Y3HKc3ozgRGVCldXSjb00,2021-04-02,-13,-12,-39,0,-40,-12
KG,Kyrgyzstan,Jalal-Abad Region,,,KG-J,,ChIJZ_Y3HKc3ozgRGVCldXSjb00,2021-04-03,-15,-18,-36,-1,-37,-11
KG,Kyrgyzstan,Jalal-Abad Region,,,KG-J,,ChIJZ_Y3HKc3ozgRGVCldXSjb00,2021-04-04,-20,-20,-33,-5,-38,-8
KG,Kyrgyzstan,Jalal-Abad Region,,,KG-J,,ChIJZ_Y3HKc3ozgRGVCldXSjb00,2021-04-05,-11,-17,-38,-6,-42,-12
KG,Kyrgyzstan,Jalal-Abad Region,,,KG-J,,ChIJZ_Y3HKc3ozgRGVCldXSjb00,2021-04-06,-7,-14,-32,-2,-39,-13
KG,Kyrgyzstan,Jalal-Abad Region,,,KG-J,,ChIJZ_Y3HKc3ozgRGVCldXSjb00,2021-04-07,-20,-27,-39,-8,-59,-6
KG,Kyrgyzstan,Jalal-Abad Region,,,KG-J,,ChIJZ_Y3HKc3ozgRGVCldXSjb00,2021-04-08,-12,-12,-34,-1,-41,-13
KG,Kyrgyzstan,Jalal-Abad Region,,,KG-J,,ChIJZ_Y3HKc3ozgRGVCldXSjb00,2021-04-09,-13,-13,-31,-8,-39,-12
KG,Kyrgyzstan,Jalal-Abad Region,,,KG-J,,ChIJZ_Y3HKc3ozgRGVCldXSjb00,2021-04-10,-15,-18,-31,3,-38,-12
KG,Kyrgyzstan,Jalal-Abad Region,,,KG-J,,ChIJZ_Y3HKc3ozgRGVCldXSjb00,2021-04-11,-18,-21,-27,-14,-36,-15
KG,Kyrgyzstan,Jalal-Abad Region,,,KG-J,,ChIJZ_Y3HKc3ozgRGVCldXSjb00,2021-04-12,-14,-14,-34,-2,-47,-12
KG,Kyrgyzstan,Jalal-Abad Region,,,KG-J,,ChIJZ_Y3HKc3ozgRGVCldXSjb00,2021-04-13,-24,-20,-40,-5,-42,-8
KG,Kyrgyzstan,Jalal-Abad Region,,,KG-J,,ChIJZ_Y3HKc3ozgRGVCldXSjb00,2021-04-14,-22,-20,-38,-15,-40,-8
KG,Kyrgyzstan,Jalal-Abad Region,,,KG-J,,ChIJZ_Y3HKc3ozgRGVCldXSjb00,2021-04-15,-22,-16,-39,-5,-41,-9
KG,Kyrgyzstan,Jalal-Abad Region,,,KG-J,,ChIJZ_Y3HKc3ozgRGVCldXSjb00,2021-04-16,-25,-16,-36,-16,-38,-9
KG,Kyrgyzstan,Jalal-Abad Region,,,KG-J,,ChIJZ_Y3HKc3ozgRGVCldXSjb00,2021-04-17,-27,-23,-37,-15,-36,-7
KG,Kyrgyzstan,Jalal-Abad Region,,,KG-J,,ChIJZ_Y3HKc3ozgRGVCldXSjb00,2021-04-18,-26,-24,-33,-20,-37,-7
KG,Kyrgyzstan,Jalal-Abad Region,,,KG-J,,ChIJZ_Y3HKc3ozgRGVCldXSjb00,2021-04-19,-23,-21,-39,-12,-43,-10
KG,Kyrgyzstan,Jalal-Abad Region,,,KG-J,,ChIJZ_Y3HKc3ozgRGVCldXSjb00,2021-04-20,-20,-20,-35,-8,-39,-11
KG,Kyrgyzstan,Jalal-Abad Region,,,KG-J,,ChIJZ_Y3HKc3ozgRGVCldXSjb00,2021-04-21,-27,-22,-39,-20,-39,-7
KG,Kyrgyzstan,Jalal-Abad Region,,,KG-J,,ChIJZ_Y3HKc3ozgRGVCldXSjb00,2021-04-22,-19,-20,-37,-2,-39,-11
KG,Kyrgyzstan,Jalal-Abad Region,,,KG-J,,ChIJZ_Y3HKc3ozgRGVCldXSjb00,2021-04-23,-21,-16,-32,-8,-38,-11
KG,Kyrgyzstan,Jalal-Abad Region,,,KG-J,,ChIJZ_Y3HKc3ozgRGVCldXSjb00,2021-04-24,-25,-27,-33,-16,-37,-8
KG,Kyrgyzstan,Jalal-Abad Region,,,KG-J,,ChIJZ_Y3HKc3ozgRGVCldXSjb00,2021-04-25,-24,-28,-35,-29,-38,-6
KG,Kyrgyzstan,Naryn Region,,,KG-N,,ChIJLQAMhYOWkDgRKmo5Z1ts44M,2021-01-01,,,-25,,-70,
KG,Kyrgyzstan,Naryn Region,,,KG-N,,ChIJLQAMhYOWkDgRKmo5Z1ts44M,2021-01-02,-54,,-27,,-46,
KG,Kyrgyzstan,Naryn Region,,,KG-N,,ChIJLQAMhYOWkDgRKmo5Z1ts44M,2021-01-03,,,-23,,-26,
KG,Kyrgyzstan,Naryn Region,,,KG-N,,ChIJLQAMhYOWkDgRKmo5Z1ts44M,2021-01-04,-61,,-36,,-43,
KG,Kyrgyzstan,Naryn Region,,,KG-N,,ChIJLQAMhYOWkDgRKmo5Z1ts44M,2021-01-05,,,-35,,-36,
KG,Kyrgyzstan,Naryn Region,,,KG-N,,ChIJLQAMhYOWkDgRKmo5Z1ts44M,2021-01-06,,,-36,,-38,
KG,Kyrgyzstan,Naryn Region,,,KG-N,,ChIJLQAMhYOWkDgRKmo5Z1ts44M,2021-01-07,-58,,-34,,-59,
KG,Kyrgyzstan,Naryn Region,,,KG-N,,ChIJLQAMhYOWkDgRKmo5Z1ts44M,2021-01-08,-61,,-39,,-56,
KG,Kyrgyzstan,Naryn Region,,,KG-N,,ChIJLQAMhYOWkDgRKmo5Z1ts44M,2021-01-09,-51,,-38,,-30,
KG,Kyrgyzstan,Naryn Region,,,KG-N,,ChIJLQAMhYOWkDgRKmo5Z1ts44M,2021-01-10,,,-34,,-11,
KG,Kyrgyzstan,Naryn Region,,,KG-N,,ChIJLQAMhYOWkDgRKmo5Z1ts44M,2021-01-11,-61,,-42,,-40,
KG,Kyrgyzstan,Naryn Region,,,KG-N,,ChIJLQAMhYOWkDgRKmo5Z1ts44M,2021-01-12,,,-37,,-28,
KG,Kyrgyzstan,Naryn Region,,,KG-N,,ChIJLQAMhYOWkDgRKmo5Z1ts44M,2021-01-13,,,-44,,-33,
KG,Kyrgyzstan,Naryn Region,,,KG-N,,ChIJLQAMhYOWkDgRKmo5Z1ts44M,2021-01-14,,,-48,,-41,
KG,Kyrgyzstan,Naryn Region,,,KG-N,,ChIJLQAMhYOWkDgRKmo5Z1ts44M,2021-01-15,-64,,-51,,-45,
KG,Kyrgyzstan,Naryn Region,,,KG-N,,ChIJLQAMhYOWkDgRKmo5Z1ts44M,2021-01-16,-61,,-54,,-41,
KG,Kyrgyzstan,Naryn Region,,,KG-N,,ChIJLQAMhYOWkDgRKmo5Z1ts44M,2021-01-17,,,-50,,-40,
KG,Kyrgyzstan,Naryn Region,,,KG-N,,ChIJLQAMhYOWkDgRKmo5Z1ts44M,2021-01-18,,,-56,,-48,
KG,Kyrgyzstan,Naryn Region,,,KG-N,,ChIJLQAMhYOWkDgRKmo5Z1ts44M,2021-01-19,-62,,-53,,-43,
KG,Kyrgyzstan,Naryn Region,,,KG-N,,ChIJLQAMhYOWkDgRKmo5Z1ts44M,2021-01-20,-61,,-52,,-44,
KG,Kyrgyzstan,Naryn Region,,,KG-N,,ChIJLQAMhYOWkDgRKmo5Z1ts44M,2021-01-21,-63,,-51,,-43,
KG,Kyrgyzstan,Naryn Region,,,KG-N,,ChIJLQAMhYOWkDgRKmo5Z1ts44M,2021-01-22,-63,,-53,,-43,
KG,Kyrgyzstan,Naryn Region,,,KG-N,,ChIJLQAMhYOWkDgRKmo5Z1ts44M,2021-01-23,-60,,-56,,-39,
KG,Kyrgyzstan,Naryn Region,,,KG-N,,ChIJLQAMhYOWkDgRKmo5Z1ts44M,2021-01-24,,,-54,,-36,
KG,Kyrgyzstan,Naryn Region,,,KG-N,,ChIJLQAMhYOWkDgRKmo5Z1ts44M,2021-01-25,-69,,-53,,-45,
KG,Kyrgyzstan,Naryn Region,,,KG-N,,ChIJLQAMhYOWkDgRKmo5Z1ts44M,2021-01-26,-63,,-51,,-40,
KG,Kyrgyzstan,Naryn Region,,,KG-N,,ChIJLQAMhYOWkDgRKmo5Z1ts44M,2021-01-27,,,-53,,-41,
KG,Kyrgyzstan,Naryn Region,,,KG-N,,ChIJLQAMhYOWkDgRKmo5Z1ts44M,2021-01-28,-59,,-53,,-40,
KG,Kyrgyzstan,Naryn Region,,,KG-N,,ChIJLQAMhYOWkDgRKmo5Z1ts44M,2021-01-29,-61,,-53,,-41,
KG,Kyrgyzstan,Naryn Region,,,KG-N,,ChIJLQAMhYOWkDgRKmo5Z1ts44M,2021-01-30,-58,,-59,,-41,
KG,Kyrgyzstan,Naryn Region,,,KG-N,,ChIJLQAMhYOWkDgRKmo5Z1ts44M,2021-01-31,,,-54,,-39,
KG,Kyrgyzstan,Naryn Region,,,KG-N,,ChIJLQAMhYOWkDgRKmo5Z1ts44M,2021-02-01,-67,,-54,,-43,
KG,Kyrgyzstan,Naryn Region,,,KG-N,,ChIJLQAMhYOWkDgRKmo5Z1ts44M,2021-02-02,,,-50,,-37,
KG,Kyrgyzstan,Naryn Region,,,KG-N,,ChIJLQAMhYOWkDgRKmo5Z1ts44M,2021-02-03,,,-54,,-38,
KG,Kyrgyzstan,Naryn Region,,,KG-N,,ChIJLQAMhYOWkDgRKmo5Z1ts44M,2021-02-04,,,-52,,-40,
KG,Kyrgyzstan,Naryn Region,,,KG-N,,ChIJLQAMhYOWkDgRKmo5Z1ts44M,2021-02-05,-59,,-51,,-38,
KG,Kyrgyzstan,Naryn Region,,,KG-N,,ChIJLQAMhYOWkDgRKmo5Z1ts44M,2021-02-06,-53,,-55,,-40,
KG,Kyrgyzstan,Naryn Region,,,KG-N,,ChIJLQAMhYOWkDgRKmo5Z1ts44M,2021-02-07,,,-49,,-32,
KG,Kyrgyzstan,Naryn Region,,,KG-N,,ChIJLQAMhYOWkDgRKmo5Z1ts44M,2021-02-08,-65,,-54,,-43,
KG,Kyrgyzstan,Naryn Region,,,KG-N,,ChIJLQAMhYOWkDgRKmo5Z1ts44M,2021-02-09,,,-53,,-38,
KG,Kyrgyzstan,Naryn Region,,,KG-N,,ChIJLQAMhYOWkDgRKmo5Z1ts44M,2021-02-10,,,-54,,-36,
KG,Kyrgyzstan,Naryn Region,,,KG-N,,ChIJLQAMhYOWkDgRKmo5Z1ts44M,2021-02-11,,,-53,,-35,
KG,Kyrgyzstan,Naryn Region,,,KG-N,,ChIJLQAMhYOWkDgRKmo5Z1ts44M,2021-02-12,-55,,-53,,-34,
KG,Kyrgyzstan,Naryn Region,,,KG-N,,ChIJLQAMhYOWkDgRKmo5Z1ts44M,2021-02-13,-57,,-59,,-37,
KG,Kyrgyzstan,Naryn Region,,,KG-N,,ChIJLQAMhYOWkDgRKmo5Z1ts44M,2021-02-14,,,-54,,-43,
KG,Kyrgyzstan,Naryn Region,,,KG-N,,ChIJLQAMhYOWkDgRKmo5Z1ts44M,2021-02-15,-67,,-58,,-38,
KG,Kyrgyzstan,Naryn Region,,,KG-N,,ChIJLQAMhYOWkDgRKmo5Z1ts44M,2021-02-16,,,-58,,-37,
KG,Kyrgyzstan,Naryn Region,,,KG-N,,ChIJLQAMhYOWkDgRKmo5Z1ts44M,2021-02-17,-59,,-58,,-37,
KG,Kyrgyzstan,Naryn Region,,,KG-N,,ChIJLQAMhYOWkDgRKmo5Z1ts44M,2021-02-18,-58,,-55,,-39,
KG,Kyrgyzstan,Naryn Region,,,KG-N,,ChIJLQAMhYOWkDgRKmo5Z1ts44M,2021-02-19,-61,,-53,,-37,
KG,Kyrgyzstan,Naryn Region,,,KG-N,,ChIJLQAMhYOWkDgRKmo5Z1ts44M,2021-02-20,-56,,-60,,-36,
KG,Kyrgyzstan,Naryn Region,,,KG-N,,ChIJLQAMhYOWkDgRKmo5Z1ts44M,2021-02-21,,,-55,,-38,
KG,Kyrgyzstan,Naryn Region,,,KG-N,,ChIJLQAMhYOWkDgRKmo5Z1ts44M,2021-02-22,-66,,-56,,-39,
KG,Kyrgyzstan,Naryn Region,,,KG-N,,ChIJLQAMhYOWkDgRKmo5Z1ts44M,2021-02-23,,,-61,,-68,
KG,Kyrgyzstan,Naryn Region,,,KG-N,,ChIJLQAMhYOWkDgRKmo5Z1ts44M,2021-02-24,,,-56,,-36,
KG,Kyrgyzstan,Naryn Region,,,KG-N,,ChIJLQAMhYOWkDgRKmo5Z1ts44M,2021-02-25,,,-56,,-38,
KG,Kyrgyzstan,Naryn Region,,,KG-N,,ChIJLQAMhYOWkDgRKmo5Z1ts44M,2021-02-26,-54,,-57,,-33,
KG,Kyrgyzstan,Naryn Region,,,KG-N,,ChIJLQAMhYOWkDgRKmo5Z1ts44M,2021-02-27,-53,,-59,,-28,
KG,Kyrgyzstan,Naryn Region,,,KG-N,,ChIJLQAMhYOWkDgRKmo5Z1ts44M,2021-02-28,,,-56,,-36,
KG,Kyrgyzstan,Naryn Region,,,KG-N,,ChIJLQAMhYOWkDgRKmo5Z1ts44M,2021-03-01,,,-58,,-34,
KG,Kyrgyzstan,Naryn Region,,,KG-N,,ChIJLQAMhYOWkDgRKmo5Z1ts44M,2021-03-02,,,-58,,-31,
KG,Kyrgyzstan,Naryn Region,,,KG-N,,ChIJLQAMhYOWkDgRKmo5Z1ts44M,2021-03-03,,,-59,,-34,
KG,Kyrgyzstan,Naryn Region,,,KG-N,,ChIJLQAMhYOWkDgRKmo5Z1ts44M,2021-03-04,,,-57,,-36,
KG,Kyrgyzstan,Naryn Region,,,KG-N,,ChIJLQAMhYOWkDgRKmo5Z1ts44M,2021-03-05,-44,,-56,,-29,
KG,Kyrgyzstan,Naryn Region,,,KG-N,,ChIJLQAMhYOWkDgRKmo5Z1ts44M,2021-03-06,-45,,-56,,-31,
KG,Kyrgyzstan,Naryn Region,,,KG-N,,ChIJLQAMhYOWkDgRKmo5Z1ts44M,2021-03-07,,,-52,,-31,
KG,Kyrgyzstan,Naryn Region,,,KG-N,,ChIJLQAMhYOWkDgRKmo5Z1ts44M,2021-03-08,,,-58,,-68,
KG,Kyrgyzstan,Naryn Region,,,KG-N,,ChIJLQAMhYOWkDgRKmo5Z1ts44M,2021-03-09,,,-54,,-32,
KG,Kyrgyzstan,Naryn Region,,,KG-N,,ChIJLQAMhYOWkDgRKmo5Z1ts44M,2021-03-10,,,-57,,-32,
KG,Kyrgyzstan,Naryn Region,,,KG-N,,ChIJLQAMhYOWkDgRKmo5Z1ts44M,2021-03-11,,,-54,,-33,
KG,Kyrgyzstan,Naryn Region,,,KG-N,,ChIJLQAMhYOWkDgRKmo5Z1ts44M,2021-03-12,-52,,-55,,-31,
KG,Kyrgyzstan,Naryn Region,,,KG-N,,ChIJLQAMhYOWkDgRKmo5Z1ts44M,2021-03-13,-51,,-59,,-30,
KG,Kyrgyzstan,Naryn Region,,,KG-N,,ChIJLQAMhYOWkDgRKmo5Z1ts44M,2021-03-14,,,-57,,-37,
KG,Kyrgyzstan,Naryn Region,,,KG-N,,ChIJLQAMhYOWkDgRKmo5Z1ts44M,2021-03-15,-66,,-59,,-34,
KG,Kyrgyzstan,Naryn Region,,,KG-N,,ChIJLQAMhYOWkDgRKmo5Z1ts44M,2021-03-16,,,-58,,-32,
KG,Kyrgyzstan,Naryn Region,,,KG-N,,ChIJLQAMhYOWkDgRKmo5Z1ts44M,2021-03-17,,,-58,,-33,
KG,Kyrgyzstan,Naryn Region,,,KG-N,,ChIJLQAMhYOWkDgRKmo5Z1ts44M,2021-03-18,,,-56,,-31,
KG,Kyrgyzstan,Naryn Region,,,KG-N,,ChIJLQAMhYOWkDgRKmo5Z1ts44M,2021-03-19,-53,,-54,,-33,
KG,Kyrgyzstan,Naryn Region,,,KG-N,,ChIJLQAMhYOWkDgRKmo5Z1ts44M,2021-03-20,-50,,-58,,-34,
KG,Kyrgyzstan,Naryn Region,,,KG-N,,ChIJLQAMhYOWkDgRKmo5Z1ts44M,2021-03-21,,,-49,,-32,
KG,Kyrgyzstan,Naryn Region,,,KG-N,,ChIJLQAMhYOWkDgRKmo5Z1ts44M,2021-03-22,,,-60,,-75,
KG,Kyrgyzstan,Naryn Region,,,KG-N,,ChIJLQAMhYOWkDgRKmo5Z1ts44M,2021-03-23,,,-52,,-43,
KG,Kyrgyzstan,Naryn Region,,,KG-N,,ChIJLQAMhYOWkDgRKmo5Z1ts44M,2021-03-24,,,-54,,-44,
KG,Kyrgyzstan,Naryn Region,,,KG-N,,ChIJLQAMhYOWkDgRKmo5Z1ts44M,2021-03-25,,,-54,,-47,
KG,Kyrgyzstan,Naryn Region,,,KG-N,,ChIJLQAMhYOWkDgRKmo5Z1ts44M,2021-03-26,-52,,-57,,-44,
KG,Kyrgyzstan,Naryn Region,,,KG-N,,ChIJLQAMhYOWkDgRKmo5Z1ts44M,2021-03-27,-51,,-58,,-41,
KG,Kyrgyzstan,Naryn Region,,,KG-N,,ChIJLQAMhYOWkDgRKmo5Z1ts44M,2021-03-28,,,-55,,-46,
KG,Kyrgyzstan,Naryn Region,,,KG-N,,ChIJLQAMhYOWkDgRKmo5Z1ts44M,2021-03-29,,,-61,,-50,
KG,Kyrgyzstan,Naryn Region,,,KG-N,,ChIJLQAMhYOWkDgRKmo5Z1ts44M,2021-03-30,,,-56,,-44,
KG,Kyrgyzstan,Naryn Region,,,KG-N,,ChIJLQAMhYOWkDgRKmo5Z1ts44M,2021-03-31,,,-55,,-46,
KG,Kyrgyzstan,Naryn Region,,,KG-N,,ChIJLQAMhYOWkDgRKmo5Z1ts44M,2021-04-01,,,-56,,-35,
KG,Kyrgyzstan,Naryn Region,,,KG-N,,ChIJLQAMhYOWkDgRKmo5Z1ts44M,2021-04-02,-48,,-57,,-34,
KG,Kyrgyzstan,Naryn Region,,,KG-N,,ChIJLQAMhYOWkDgRKmo5Z1ts44M,2021-04-03,-43,,-55,,-34,
KG,Kyrgyzstan,Naryn Region,,,KG-N,,ChIJLQAMhYOWkDgRKmo5Z1ts44M,2021-04-04,,,-52,,-34,
KG,Kyrgyzstan,Naryn Region,,,KG-N,,ChIJLQAMhYOWkDgRKmo5Z1ts44M,2021-04-05,-64,,-52,,-35,
KG,Kyrgyzstan,Naryn Region,,,KG-N,,ChIJLQAMhYOWkDgRKmo5Z1ts44M,2021-04-06,,,-53,,-32,
KG,Kyrgyzstan,Naryn Region,,,KG-N,,ChIJLQAMhYOWkDgRKmo5Z1ts44M,2021-04-07,,,-58,,-67,
KG,Kyrgyzstan,Naryn Region,,,KG-N,,ChIJLQAMhYOWkDgRKmo5Z1ts44M,2021-04-08,,,-49,,-33,
KG,Kyrgyzstan,Naryn Region,,,KG-N,,ChIJLQAMhYOWkDgRKmo5Z1ts44M,2021-04-09,-45,,-51,,-32,
KG,Kyrgyzstan,Naryn Region,,,KG-N,,ChIJLQAMhYOWkDgRKmo5Z1ts44M,2021-04-10,-43,,-48,,-31,
KG,Kyrgyzstan,Naryn Region,,,KG-N,,ChIJLQAMhYOWkDgRKmo5Z1ts44M,2021-04-11,,,-46,,-29,
KG,Kyrgyzstan,Naryn Region,,,KG-N,,ChIJLQAMhYOWkDgRKmo5Z1ts44M,2021-04-12,-59,,-54,,-49,
KG,Kyrgyzstan,Naryn Region,,,KG-N,,ChIJLQAMhYOWkDgRKmo5Z1ts44M,2021-04-13,,,-51,,-34,
KG,Kyrgyzstan,Naryn Region,,,KG-N,,ChIJLQAMhYOWkDgRKmo5Z1ts44M,2021-04-14,,,-54,,-33,
KG,Kyrgyzstan,Naryn Region,,,KG-N,,ChIJLQAMhYOWkDgRKmo5Z1ts44M,2021-04-15,,,-52,,-32,
KG,Kyrgyzstan,Naryn Region,,,KG-N,,ChIJLQAMhYOWkDgRKmo5Z1ts44M,2021-04-16,-46,,-51,,-30,
KG,Kyrgyzstan,Naryn Region,,,KG-N,,ChIJLQAMhYOWkDgRKmo5Z1ts44M,2021-04-17,-49,,-52,,-33,
KG,Kyrgyzstan,Naryn Region,,,KG-N,,ChIJLQAMhYOWkDgRKmo5Z1ts44M,2021-04-18,,,-48,,-44,
KG,Kyrgyzstan,Naryn Region,,,KG-N,,ChIJLQAMhYOWkDgRKmo5Z1ts44M,2021-04-19,-63,,-54,,-38,
KG,Kyrgyzstan,Naryn Region,,,KG-N,,ChIJLQAMhYOWkDgRKmo5Z1ts44M,2021-04-20,,,-54,,-32,
KG,Kyrgyzstan,Naryn Region,,,KG-N,,ChIJLQAMhYOWkDgRKmo5Z1ts44M,2021-04-21,,,-56,,-36,
KG,Kyrgyzstan,Naryn Region,,,KG-N,,ChIJLQAMhYOWkDgRKmo5Z1ts44M,2021-04-22,,,-54,,-34,
KG,Kyrgyzstan,Naryn Region,,,KG-N,,ChIJLQAMhYOWkDgRKmo5Z1ts44M,2021-04-23,-40,,-51,,-32,
KG,Kyrgyzstan,Naryn Region,,,KG-N,,ChIJLQAMhYOWkDgRKmo5Z1ts44M,2021-04-24,-35,,-54,,-37,
KG,Kyrgyzstan,Naryn Region,,,KG-N,,ChIJLQAMhYOWkDgRKmo5Z1ts44M,2021-04-25,,,-46,,-39,
KG,Kyrgyzstan,Osh Region,,,KG-O,,ChIJZYZaKB-svTgRZsjuUjKmMCk,2021-01-01,-54,-44,-38,-52,-69,12
KG,Kyrgyzstan,Osh Region,,,KG-O,,ChIJZYZaKB-svTgRZsjuUjKmMCk,2021-01-02,-40,-29,-29,-40,-47,7
KG,Kyrgyzstan,Osh Region,,,KG-O,,ChIJZYZaKB-svTgRZsjuUjKmMCk,2021-01-03,-33,-24,-18,-38,-27,3
KG,Kyrgyzstan,Osh Region,,,KG-O,,ChIJZYZaKB-svTgRZsjuUjKmMCk,2021-01-04,-33,-25,-27,-37,-36,6
KG,Kyrgyzstan,Osh Region,,,KG-O,,ChIJZYZaKB-svTgRZsjuUjKmMCk,2021-01-05,-31,-16,-20,-28,-33,5
KG,Kyrgyzstan,Osh Region,,,KG-O,,ChIJZYZaKB-svTgRZsjuUjKmMCk,2021-01-06,-33,-20,-27,-26,-32,6
KG,Kyrgyzstan,Osh Region,,,KG-O,,ChIJZYZaKB-svTgRZsjuUjKmMCk,2021-01-07,-38,-26,-30,-31,-48,10
KG,Kyrgyzstan,Osh Region,,,KG-O,,ChIJZYZaKB-svTgRZsjuUjKmMCk,2021-01-08,-40,-27,-34,-32,-45,10
KG,Kyrgyzstan,Osh Region,,,KG-O,,ChIJZYZaKB-svTgRZsjuUjKmMCk,2021-01-09,-35,-23,-35,-32,-28,5
KG,Kyrgyzstan,Osh Region,,,KG-O,,ChIJZYZaKB-svTgRZsjuUjKmMCk,2021-01-10,-30,-21,-23,-38,-19,-1
KG,Kyrgyzstan,Osh Region,,,KG-O,,ChIJZYZaKB-svTgRZsjuUjKmMCk,2021-01-11,-30,-23,-28,-34,-30,5
KG,Kyrgyzstan,Osh Region,,,KG-O,,ChIJZYZaKB-svTgRZsjuUjKmMCk,2021-01-12,-25,-12,-20,-23,-26,2
KG,Kyrgyzstan,Osh Region,,,KG-O,,ChIJZYZaKB-svTgRZsjuUjKmMCk,2021-01-13,-32,-19,-26,-27,-27,0
KG,Kyrgyzstan,Osh Region,,,KG-O,,ChIJZYZaKB-svTgRZsjuUjKmMCk,2021-01-14,-37,-27,-31,-33,-32,-2
KG,Kyrgyzstan,Osh Region,,,KG-O,,ChIJZYZaKB-svTgRZsjuUjKmMCk,2021-01-15,-40,-31,-33,-34,-37,-2
KG,Kyrgyzstan,Osh Region,,,KG-O,,ChIJZYZaKB-svTgRZsjuUjKmMCk,2021-01-16,-38,-33,-35,-40,-35,-2
KG,Kyrgyzstan,Osh Region,,,KG-O,,ChIJZYZaKB-svTgRZsjuUjKmMCk,2021-01-17,-36,-30,-29,-42,-33,-3
KG,Kyrgyzstan,Osh Region,,,KG-O,,ChIJZYZaKB-svTgRZsjuUjKmMCk,2021-01-18,-40,-35,-37,-45,-39,0
KG,Kyrgyzstan,Osh Region,,,KG-O,,ChIJZYZaKB-svTgRZsjuUjKmMCk,2021-01-19,-38,-28,-33,-39,-36,-2
KG,Kyrgyzstan,Osh Region,,,KG-O,,ChIJZYZaKB-svTgRZsjuUjKmMCk,2021-01-20,-40,-30,-36,-37,-34,-2
KG,Kyrgyzstan,Osh Region,,,KG-O,,ChIJZYZaKB-svTgRZsjuUjKmMCk,2021-01-21,-38,-31,-34,-37,-34,-1
KG,Kyrgyzstan,Osh Region,,,KG-O,,ChIJZYZaKB-svTgRZsjuUjKmMCk,2021-01-22,-48,-41,-38,-47,-42,0
KG,Kyrgyzstan,Osh Region,,,KG-O,,ChIJZYZaKB-svTgRZsjuUjKmMCk,2021-01-23,-40,-33,-38,-43,-34,2
KG,Kyrgyzstan,Osh Region,,,KG-O,,ChIJZYZaKB-svTgRZsjuUjKmMCk,2021-01-24,-37,-32,-37,-40,-32,1
KG,Kyrgyzstan,Osh Region,,,KG-O,,ChIJZYZaKB-svTgRZsjuUjKmMCk,2021-01-25,-38,-33,-37,-45,-35,2
KG,Kyrgyzstan,Osh Region,,,KG-O,,ChIJZYZaKB-svTgRZsjuUjKmMCk,2021-01-26,-36,-27,-29,-38,-32,0
KG,Kyrgyzstan,Osh Region,,,KG-O,,ChIJZYZaKB-svTgRZsjuUjKmMCk,2021-01-27,-38,-29,-36,-37,-32,0
KG,Kyrgyzstan,Osh Region,,,KG-O,,ChIJZYZaKB-svTgRZsjuUjKmMCk,2021-01-28,-37,-29,-34,-37,-31,0
KG,Kyrgyzstan,Osh Region,,,KG-O,,ChIJZYZaKB-svTgRZsjuUjKmMCk,2021-01-29,-38,-27,-27,-33,-33,-1
KG,Kyrgyzstan,Osh Region,,,KG-O,,ChIJZYZaKB-svTgRZsjuUjKmMCk,2021-01-30,-32,-23,-26,-32,-31,-3
KG,Kyrgyzstan,Osh Region,,,KG-O,,ChIJZYZaKB-svTgRZsjuUjKmMCk,2021-01-31,-28,-20,-22,-35,-32,-4
KG,Kyrgyzstan,Osh Region,,,KG-O,,ChIJZYZaKB-svTgRZsjuUjKmMCk,2021-02-01,-32,-24,-26,-36,-34,-4
KG,Kyrgyzstan,Osh Region,,,KG-O,,ChIJZYZaKB-svTgRZsjuUjKmMCk,2021-02-02,-27,-16,-12,-28,-31,-5
KG,Kyrgyzstan,Osh Region,,,KG-O,,ChIJZYZaKB-svTgRZsjuUjKmMCk,2021-02-03,-31,-20,-22,-28,-31,-4
KG,Kyrgyzstan,Osh Region,,,KG-O,,ChIJZYZaKB-svTgRZsjuUjKmMCk,2021-02-04,-31,-22,-19,-34,-33,-3
KG,Kyrgyzstan,Osh Region,,,KG-O,,ChIJZYZaKB-svTgRZsjuUjKmMCk,2021-02-05,-33,-21,-22,-31,-34,-3
KG,Kyrgyzstan,Osh Region,,,KG-O,,ChIJZYZaKB-svTgRZsjuUjKmMCk,2021-02-06,-31,-23,-25,-32,-32,-2
KG,Kyrgyzstan,Osh Region,,,KG-O,,ChIJZYZaKB-svTgRZsjuUjKmMCk,2021-02-07,-32,-24,-24,-40,-33,-1
KG,Kyrgyzstan,Osh Region,,,KG-O,,ChIJZYZaKB-svTgRZsjuUjKmMCk,2021-02-08,-34,-26,-32,-41,-35,-1
KG,Kyrgyzstan,Osh Region,,,KG-O,,ChIJZYZaKB-svTgRZsjuUjKmMCk,2021-02-09,-28,-18,-16,-32,-32,-3
KG,Kyrgyzstan,Osh Region,,,KG-O,,ChIJZYZaKB-svTgRZsjuUjKmMCk,2021-02-10,-30,-19,-22,-29,-30,-2
KG,Kyrgyzstan,Osh Region,,,KG-O,,ChIJZYZaKB-svTgRZsjuUjKmMCk,2021-02-11,-28,-18,-17,-29,-30,-4
KG,Kyrgyzstan,Osh Region,,,KG-O,,ChIJZYZaKB-svTgRZsjuUjKmMCk,2021-02-12,-30,-18,-21,-26,-32,-6
KG,Kyrgyzstan,Osh Region,,,KG-O,,ChIJZYZaKB-svTgRZsjuUjKmMCk,2021-02-13,-29,-19,-23,-32,-33,-5
KG,Kyrgyzstan,Osh Region,,,KG-O,,ChIJZYZaKB-svTgRZsjuUjKmMCk,2021-02-14,-26,-17,-13,-36,-34,-7
KG,Kyrgyzstan,Osh Region,,,KG-O,,ChIJZYZaKB-svTgRZsjuUjKmMCk,2021-02-15,-27,-23,-24,-38,-34,-6
KG,Kyrgyzstan,Osh Region,,,KG-O,,ChIJZYZaKB-svTgRZsjuUjKmMCk,2021-02-16,-26,-13,-15,-34,-33,-6
KG,Kyrgyzstan,Osh Region,,,KG-O,,ChIJZYZaKB-svTgRZsjuUjKmMCk,2021-02-17,-28,-17,-18,-26,-30,-7
KG,Kyrgyzstan,Osh Region,,,KG-O,,ChIJZYZaKB-svTgRZsjuUjKmMCk,2021-02-18,-29,-19,-16,-28,-31,-6
KG,Kyrgyzstan,Osh Region,,,KG-O,,ChIJZYZaKB-svTgRZsjuUjKmMCk,2021-02-19,-30,-18,-22,-23,-32,-5
KG,Kyrgyzstan,Osh Region,,,KG-O,,ChIJZYZaKB-svTgRZsjuUjKmMCk,2021-02-20,-30,-21,-32,-31,-32,-3
KG,Kyrgyzstan,Osh Region,,,KG-O,,ChIJZYZaKB-svTgRZsjuUjKmMCk,2021-02-21,-33,-21,-29,-35,-37,-1
KG,Kyrgyzstan,Osh Region,,,KG-O,,ChIJZYZaKB-svTgRZsjuUjKmMCk,2021-02-22,-27,-23,-28,-36,-32,-4
KG,Kyrgyzstan,Osh Region,,,KG-O,,ChIJZYZaKB-svTgRZsjuUjKmMCk,2021-02-23,-25,-19,-19,-32,-54,1
KG,Kyrgyzstan,Osh Region,,,KG-O,,ChIJZYZaKB-svTgRZsjuUjKmMCk,2021-02-24,-35,-20,-33,-30,-29,-3
KG,Kyrgyzstan,Osh Region,,,KG-O,,ChIJZYZaKB-svTgRZsjuUjKmMCk,2021-02-25,-38,-27,-35,-36,-32,-1
KG,Kyrgyzstan,Osh Region,,,KG-O,,ChIJZYZaKB-svTgRZsjuUjKmMCk,2021-02-26,-36,-23,-33,-30,-30,0
KG,Kyrgyzstan,Osh Region,,,KG-O,,ChIJZYZaKB-svTgRZsjuUjKmMCk,2021-02-27,-32,-21,-32,-31,-29,0
KG,Kyrgyzstan,Osh Region,,,KG-O,,ChIJZYZaKB-svTgRZsjuUjKmMCk,2021-02-28,-27,-18,-24,-32,-31,-2
KG,Kyrgyzstan,Osh Region,,,KG-O,,ChIJZYZaKB-svTgRZsjuUjKmMCk,2021-03-01,-29,-20,-24,-33,-28,-4
KG,Kyrgyzstan,Osh Region,,,KG-O,,ChIJZYZaKB-svTgRZsjuUjKmMCk,2021-03-02,-26,-11,-16,-32,-27,-6
KG,Kyrgyzstan,Osh Region,,,KG-O,,ChIJZYZaKB-svTgRZsjuUjKmMCk,2021-03-03,-27,-14,-26,-22,-26,-5
KG,Kyrgyzstan,Osh Region,,,KG-O,,ChIJZYZaKB-svTgRZsjuUjKmMCk,2021-03-04,-28,-14,-18,-21,-27,-6
KG,Kyrgyzstan,Osh Region,,,KG-O,,ChIJZYZaKB-svTgRZsjuUjKmMCk,2021-03-05,-28,-12,-20,-22,-28,-6
KG,Kyrgyzstan,Osh Region,,,KG-O,,ChIJZYZaKB-svTgRZsjuUjKmMCk,2021-03-06,-24,-13,-18,-26,-29,-6
KG,Kyrgyzstan,Osh Region,,,KG-O,,ChIJZYZaKB-svTgRZsjuUjKmMCk,2021-03-07,-24,-12,-20,-34,-33,-6
KG,Kyrgyzstan,Osh Region,,,KG-O,,ChIJZYZaKB-svTgRZsjuUjKmMCk,2021-03-08,-24,-22,-19,-39,-62,-1
KG,Kyrgyzstan,Osh Region,,,KG-O,,ChIJZYZaKB-svTgRZsjuUjKmMCk,2021-03-09,-26,-13,-18,-29,-27,-7
KG,Kyrgyzstan,Osh Region,,,KG-O,,ChIJZYZaKB-svTgRZsjuUjKmMCk,2021-03-10,-30,-16,-20,-28,-25,-6
KG,Kyrgyzstan,Osh Region,,,KG-O,,ChIJZYZaKB-svTgRZsjuUjKmMCk,2021-03-11,-29,-17,-21,-28,-28,-4
KG,Kyrgyzstan,Osh Region,,,KG-O,,ChIJZYZaKB-svTgRZsjuUjKmMCk,2021-03-12,-28,-12,-15,-23,-26,-6
KG,Kyrgyzstan,Osh Region,,,KG-O,,ChIJZYZaKB-svTgRZsjuUjKmMCk,2021-03-13,-27,-15,-18,-23,-28,-5
KG,Kyrgyzstan,Osh Region,,,KG-O,,ChIJZYZaKB-svTgRZsjuUjKmMCk,2021-03-14,-33,-22,-34,-34,-36,-1
KG,Kyrgyzstan,Osh Region,,,KG-O,,ChIJZYZaKB-svTgRZsjuUjKmMCk,2021-03-15,-32,-24,-32,-40,-27,-2
KG,Kyrgyzstan,Osh Region,,,KG-O,,ChIJZYZaKB-svTgRZsjuUjKmMCk,2021-03-16,-27,-12,-21,-28,-25,-5
KG,Kyrgyzstan,Osh Region,,,KG-O,,ChIJZYZaKB-svTgRZsjuUjKmMCk,2021-03-17,-32,-16,-31,-23,-24,-4
KG,Kyrgyzstan,Osh Region,,,KG-O,,ChIJZYZaKB-svTgRZsjuUjKmMCk,2021-03-18,-26,-12,-15,-14,-23,-6
KG,Kyrgyzstan,Osh Region,,,KG-O,,ChIJZYZaKB-svTgRZsjuUjKmMCk,2021-03-19,-28,-12,-13,-17,-25,-7
KG,Kyrgyzstan,Osh Region,,,KG-O,,ChIJZYZaKB-svTgRZsjuUjKmMCk,2021-03-20,-27,-14,-11,-15,-29,-7
KG,Kyrgyzstan,Osh Region,,,KG-O,,ChIJZYZaKB-svTgRZsjuUjKmMCk,2021-03-21,-28,-19,-15,-25,-35,-4
KG,Kyrgyzstan,Osh Region,,,KG-O,,ChIJZYZaKB-svTgRZsjuUjKmMCk,2021-03-22,-36,-30,-28,-35,-56,0
KG,Kyrgyzstan,Osh Region,,,KG-O,,ChIJZYZaKB-svTgRZsjuUjKmMCk,2021-03-23,-25,-9,-9,-20,-31,-8
KG,Kyrgyzstan,Osh Region,,,KG-O,,ChIJZYZaKB-svTgRZsjuUjKmMCk,2021-03-24,-27,-11,-15,-23,-29,-8
KG,Kyrgyzstan,Osh Region,,,KG-O,,ChIJZYZaKB-svTgRZsjuUjKmMCk,2021-03-25,-27,-15,-10,-20,-31,-7
KG,Kyrgyzstan,Osh Region,,,KG-O,,ChIJZYZaKB-svTgRZsjuUjKmMCk,2021-03-26,-30,-16,-26,-20,-32,-4
KG,Kyrgyzstan,Osh Region,,,KG-O,,ChIJZYZaKB-svTgRZsjuUjKmMCk,2021-03-27,-27,-14,-15,-22,-30,-5
KG,Kyrgyzstan,Osh Region,,,KG-O,,ChIJZYZaKB-svTgRZsjuUjKmMCk,2021-03-28,-31,-20,-29,-35,-32,-3
KG,Kyrgyzstan,Osh Region,,,KG-O,,ChIJZYZaKB-svTgRZsjuUjKmMCk,2021-03-29,-31,-22,-33,-34,-31,-3
KG,Kyrgyzstan,Osh Region,,,KG-O,,ChIJZYZaKB-svTgRZsjuUjKmMCk,2021-03-30,-24,-9,-20,-27,-28,-5
KG,Kyrgyzstan,Osh Region,,,KG-O,,ChIJZYZaKB-svTgRZsjuUjKmMCk,2021-03-31,-26,-11,-20,-22,-27,-5
KG,Kyrgyzstan,Osh Region,,,KG-O,,ChIJZYZaKB-svTgRZsjuUjKmMCk,2021-04-01,-29,-18,-31,-21,-23,-3
KG,Kyrgyzstan,Osh Region,,,KG-O,,ChIJZYZaKB-svTgRZsjuUjKmMCk,2021-04-02,-24,-11,-18,-22,-21,-7
KG,Kyrgyzstan,Osh Region,,,KG-O,,ChIJZYZaKB-svTgRZsjuUjKmMCk,2021-04-03,-22,-12,-13,-20,-23,-7
KG,Kyrgyzstan,Osh Region,,,KG-O,,ChIJZYZaKB-svTgRZsjuUjKmMCk,2021-04-04,-30,-18,-27,-35,-32,-4
KG,Kyrgyzstan,Osh Region,,,KG-O,,ChIJZYZaKB-svTgRZsjuUjKmMCk,2021-04-05,-25,-17,-22,-31,-22,-6
KG,Kyrgyzstan,Osh Region,,,KG-O,,ChIJZYZaKB-svTgRZsjuUjKmMCk,2021-04-06,-18,-7,-8,-23,-21,-8
KG,Kyrgyzstan,Osh Region,,,KG-O,,ChIJZYZaKB-svTgRZsjuUjKmMCk,2021-04-07,-29,-18,-18,-25,-50,1
KG,Kyrgyzstan,Osh Region,,,KG-O,,ChIJZYZaKB-svTgRZsjuUjKmMCk,2021-04-08,-22,-11,-6,-14,-22,-9
KG,Kyrgyzstan,Osh Region,,,KG-O,,ChIJZYZaKB-svTgRZsjuUjKmMCk,2021-04-09,-26,-12,-8,-22,-22,-7
KG,Kyrgyzstan,Osh Region,,,KG-O,,ChIJZYZaKB-svTgRZsjuUjKmMCk,2021-04-10,-23,-13,-9,-22,-27,-8
KG,Kyrgyzstan,Osh Region,,,KG-O,,ChIJZYZaKB-svTgRZsjuUjKmMCk,2021-04-11,-27,-15,-10,-32,-30,-12
KG,Kyrgyzstan,Osh Region,,,KG-O,,ChIJZYZaKB-svTgRZsjuUjKmMCk,2021-04-12,-29,-16,-16,-25,-33,-6
KG,Kyrgyzstan,Osh Region,,,KG-O,,ChIJZYZaKB-svTgRZsjuUjKmMCk,2021-04-13,-36,-12,-24,-25,-27,-2
KG,Kyrgyzstan,Osh Region,,,KG-O,,ChIJZYZaKB-svTgRZsjuUjKmMCk,2021-04-14,-34,-15,-16,-24,-23,-4
KG,Kyrgyzstan,Osh Region,,,KG-O,,ChIJZYZaKB-svTgRZsjuUjKmMCk,2021-04-15,-33,-15,-11,-18,-22,-3
KG,Kyrgyzstan,Osh Region,,,KG-O,,ChIJZYZaKB-svTgRZsjuUjKmMCk,2021-04-16,-36,-16,-18,-28,-22,-4
KG,Kyrgyzstan,Osh Region,,,KG-O,,ChIJZYZaKB-svTgRZsjuUjKmMCk,2021-04-17,-34,-17,-19,-27,-26,-2
KG,Kyrgyzstan,Osh Region,,,KG-O,,ChIJZYZaKB-svTgRZsjuUjKmMCk,2021-04-18,-36,-19,-21,-32,-33,-2
KG,Kyrgyzstan,Osh Region,,,KG-O,,ChIJZYZaKB-svTgRZsjuUjKmMCk,2021-04-19,-33,-21,-15,-31,-25,-3
KG,Kyrgyzstan,Osh Region,,,KG-O,,ChIJZYZaKB-svTgRZsjuUjKmMCk,2021-04-20,-30,-13,-20,-23,-25,-3
KG,Kyrgyzstan,Osh Region,,,KG-O,,ChIJZYZaKB-svTgRZsjuUjKmMCk,2021-04-21,-37,-19,-29,-25,-25,0
KG,Kyrgyzstan,Osh Region,,,KG-O,,ChIJZYZaKB-svTgRZsjuUjKmMCk,2021-04-22,-31,-15,-15,-18,-21,-4
KG,Kyrgyzstan,Osh Region,,,KG-O,,ChIJZYZaKB-svTgRZsjuUjKmMCk,2021-04-23,-34,-15,-13,-26,-22,-3
KG,Kyrgyzstan,Osh Region,,,KG-O,,ChIJZYZaKB-svTgRZsjuUjKmMCk,2021-04-24,-34,-18,-14,-26,-28,-3
KG,Kyrgyzstan,Osh Region,,,KG-O,,ChIJZYZaKB-svTgRZsjuUjKmMCk,2021-04-25,-33,-19,-10,-31,-33,-3
KG,Kyrgyzstan,Talas Region,,,KG-T,,ChIJTVS47SPHozgRqyAdJHOnVQ4,2021-01-01,-39,-47,-1,,-76,
KG,Kyrgyzstan,Talas Region,,,KG-T,,ChIJTVS47SPHozgRqyAdJHOnVQ4,2021-01-02,-25,-22,2,,-48,
KG,Kyrgyzstan,Talas Region,,,KG-T,,ChIJTVS47SPHozgRqyAdJHOnVQ4,2021-01-03,-12,-18,5,,-36,
KG,Kyrgyzstan,Talas Region,,,KG-T,,ChIJTVS47SPHozgRqyAdJHOnVQ4,2021-01-04,-16,-28,-7,,-50,
KG,Kyrgyzstan,Talas Region,,,KG-T,,ChIJTVS47SPHozgRqyAdJHOnVQ4,2021-01-05,-4,-22,-6,,-44,
KG,Kyrgyzstan,Talas Region,,,KG-T,,ChIJTVS47SPHozgRqyAdJHOnVQ4,2021-01-06,-10,-21,-7,,-42,
KG,Kyrgyzstan,Talas Region,,,KG-T,,ChIJTVS47SPHozgRqyAdJHOnVQ4,2021-01-07,-17,-27,-4,,-57,
KG,Kyrgyzstan,Talas Region,,,KG-T,,ChIJTVS47SPHozgRqyAdJHOnVQ4,2021-01-08,-18,-30,-9,,-56,
KG,Kyrgyzstan,Talas Region,,,KG-T,,ChIJTVS47SPHozgRqyAdJHOnVQ4,2021-01-09,-16,-25,-11,,-31,
KG,Kyrgyzstan,Talas Region,,,KG-T,,ChIJTVS47SPHozgRqyAdJHOnVQ4,2021-01-10,-1,-12,-4,,-16,
KG,Kyrgyzstan,Talas Region,,,KG-T,,ChIJTVS47SPHozgRqyAdJHOnVQ4,2021-01-11,2,-10,-10,,-41,
KG,Kyrgyzstan,Talas Region,,,KG-T,,ChIJTVS47SPHozgRqyAdJHOnVQ4,2021-01-12,-3,-12,-14,,-38,
KG,Kyrgyzstan,Talas Region,,,KG-T,,ChIJTVS47SPHozgRqyAdJHOnVQ4,2021-01-13,-17,-26,-20,,-41,
KG,Kyrgyzstan,Talas Region,,,KG-T,,ChIJTVS47SPHozgRqyAdJHOnVQ4,2021-01-14,-22,-34,-23,,-47,
KG,Kyrgyzstan,Talas Region,,,KG-T,,ChIJTVS47SPHozgRqyAdJHOnVQ4,2021-01-15,-24,-34,-31,,-50,
KG,Kyrgyzstan,Talas Region,,,KG-T,,ChIJTVS47SPHozgRqyAdJHOnVQ4,2021-01-16,-29,-30,-33,,-43,
KG,Kyrgyzstan,Talas Region,,,KG-T,,ChIJTVS47SPHozgRqyAdJHOnVQ4,2021-01-17,-25,-37,-30,,-42,
KG,Kyrgyzstan,Talas Region,,,KG-T,,ChIJTVS47SPHozgRqyAdJHOnVQ4,2021-01-18,-28,-31,-32,,-50,
KG,Kyrgyzstan,Talas Region,,,KG-T,,ChIJTVS47SPHozgRqyAdJHOnVQ4,2021-01-19,-27,-29,-29,,-48,
KG,Kyrgyzstan,Talas Region,,,KG-T,,ChIJTVS47SPHozgRqyAdJHOnVQ4,2021-01-20,-35,-36,-32,,-47,
KG,Kyrgyzstan,Talas Region,,,KG-T,,ChIJTVS47SPHozgRqyAdJHOnVQ4,2021-01-21,-29,-30,-29,,-47,
KG,Kyrgyzstan,Talas Region,,,KG-T,,ChIJTVS47SPHozgRqyAdJHOnVQ4,2021-01-22,-38,-43,-31,,-48,
KG,Kyrgyzstan,Talas Region,,,KG-T,,ChIJTVS47SPHozgRqyAdJHOnVQ4,2021-01-23,-39,-35,-37,,-39,
KG,Kyrgyzstan,Talas Region,,,KG-T,,ChIJTVS47SPHozgRqyAdJHOnVQ4,2021-01-24,-28,-40,-33,,-37,
KG,Kyrgyzstan,Talas Region,,,KG-T,,ChIJTVS47SPHozgRqyAdJHOnVQ4,2021-01-25,-32,-31,-32,,-43,
KG,Kyrgyzstan,Talas Region,,,KG-T,,ChIJTVS47SPHozgRqyAdJHOnVQ4,2021-01-26,-31,-36,-31,,-44,
KG,Kyrgyzstan,Talas Region,,,KG-T,,ChIJTVS47SPHozgRqyAdJHOnVQ4,2021-01-27,-29,-29,-30,,-44,
KG,Kyrgyzstan,Talas Region,,,KG-T,,ChIJTVS47SPHozgRqyAdJHOnVQ4,2021-01-28,-26,-30,-27,,-44,
KG,Kyrgyzstan,Talas Region,,,KG-T,,ChIJTVS47SPHozgRqyAdJHOnVQ4,2021-01-29,-27,-31,-31,,-42,
KG,Kyrgyzstan,Talas Region,,,KG-T,,ChIJTVS47SPHozgRqyAdJHOnVQ4,2021-01-30,-27,-24,-31,,-37,
KG,Kyrgyzstan,Talas Region,,,KG-T,,ChIJTVS47SPHozgRqyAdJHOnVQ4,2021-01-31,-20,-32,-29,,-38,
KG,Kyrgyzstan,Talas Region,,,KG-T,,ChIJTVS47SPHozgRqyAdJHOnVQ4,2021-02-01,-26,-30,-32,,-49,
KG,Kyrgyzstan,Talas Region,,,KG-T,,ChIJTVS47SPHozgRqyAdJHOnVQ4,2021-02-02,-15,-23,-32,,-43,
KG,Kyrgyzstan,Talas Region,,,KG-T,,ChIJTVS47SPHozgRqyAdJHOnVQ4,2021-02-03,-27,-35,-33,,-40,
KG,Kyrgyzstan,Talas Region,,,KG-T,,ChIJTVS47SPHozgRqyAdJHOnVQ4,2021-02-04,-24,-28,-31,,-43,
KG,Kyrgyzstan,Talas Region,,,KG-T,,ChIJTVS47SPHozgRqyAdJHOnVQ4,2021-02-05,-23,-32,-33,,-44,
KG,Kyrgyzstan,Talas Region,,,KG-T,,ChIJTVS47SPHozgRqyAdJHOnVQ4,2021-02-06,-24,-26,-32,,-39,
KG,Kyrgyzstan,Talas Region,,,KG-T,,ChIJTVS47SPHozgRqyAdJHOnVQ4,2021-02-07,-28,-36,-29,,-40,
KG,Kyrgyzstan,Talas Region,,,KG-T,,ChIJTVS47SPHozgRqyAdJHOnVQ4,2021-02-08,-25,-31,-37,,-45,
KG,Kyrgyzstan,Talas Region,,,KG-T,,ChIJTVS47SPHozgRqyAdJHOnVQ4,2021-02-09,-22,-31,-34,,-43,
KG,Kyrgyzstan,Talas Region,,,KG-T,,ChIJTVS47SPHozgRqyAdJHOnVQ4,2021-02-10,-22,-23,-33,,-43,
KG,Kyrgyzstan,Talas Region,,,KG-T,,ChIJTVS47SPHozgRqyAdJHOnVQ4,2021-02-11,-21,-25,-33,,-44,
KG,Kyrgyzstan,Talas Region,,,KG-T,,ChIJTVS47SPHozgRqyAdJHOnVQ4,2021-02-12,-22,-27,-42,,-42,
KG,Kyrgyzstan,Talas Region,,,KG-T,,ChIJTVS47SPHozgRqyAdJHOnVQ4,2021-02-13,-24,-29,-40,,-36,
KG,Kyrgyzstan,Talas Region,,,KG-T,,ChIJTVS47SPHozgRqyAdJHOnVQ4,2021-02-14,-15,-21,-37,,-39,
KG,Kyrgyzstan,Talas Region,,,KG-T,,ChIJTVS47SPHozgRqyAdJHOnVQ4,2021-02-15,-21,-30,-46,,-46,
KG,Kyrgyzstan,Talas Region,,,KG-T,,ChIJTVS47SPHozgRqyAdJHOnVQ4,2021-02-16,-18,-25,-46,,-42,
KG,Kyrgyzstan,Talas Region,,,KG-T,,ChIJTVS47SPHozgRqyAdJHOnVQ4,2021-02-17,-22,-23,-44,,-43,
KG,Kyrgyzstan,Talas Region,,,KG-T,,ChIJTVS47SPHozgRqyAdJHOnVQ4,2021-02-18,-21,-28,-42,,-43,
KG,Kyrgyzstan,Talas Region,,,KG-T,,ChIJTVS47SPHozgRqyAdJHOnVQ4,2021-02-19,-22,-35,-44,,-43,
KG,Kyrgyzstan,Talas Region,,,KG-T,,ChIJTVS47SPHozgRqyAdJHOnVQ4,2021-02-20,-25,-27,-43,,-39,
KG,Kyrgyzstan,Talas Region,,,KG-T,,ChIJTVS47SPHozgRqyAdJHOnVQ4,2021-02-21,-26,-37,-39,,-44,
KG,Kyrgyzstan,Talas Region,,,KG-T,,ChIJTVS47SPHozgRqyAdJHOnVQ4,2021-02-22,-18,-33,-47,,-46,
KG,Kyrgyzstan,Talas Region,,,KG-T,,ChIJTVS47SPHozgRqyAdJHOnVQ4,2021-02-23,-19,-39,-44,,-68,
KG,Kyrgyzstan,Talas Region,,,KG-T,,ChIJTVS47SPHozgRqyAdJHOnVQ4,2021-02-24,-26,-33,-46,,-46,
KG,Kyrgyzstan,Talas Region,,,KG-T,,ChIJTVS47SPHozgRqyAdJHOnVQ4,2021-02-25,-27,-40,-46,,-46,
KG,Kyrgyzstan,Talas Region,,,KG-T,,ChIJTVS47SPHozgRqyAdJHOnVQ4,2021-02-26,-29,-37,-46,,-43,
KG,Kyrgyzstan,Talas Region,,,KG-T,,ChIJTVS47SPHozgRqyAdJHOnVQ4,2021-02-27,-22,-24,-45,,-34,
KG,Kyrgyzstan,Talas Region,,,KG-T,,ChIJTVS47SPHozgRqyAdJHOnVQ4,2021-02-28,-16,-31,-38,,-42,
KG,Kyrgyzstan,Talas Region,,,KG-T,,ChIJTVS47SPHozgRqyAdJHOnVQ4,2021-03-01,-17,-25,-45,,-41,
KG,Kyrgyzstan,Talas Region,,,KG-T,,ChIJTVS47SPHozgRqyAdJHOnVQ4,2021-03-02,-11,-23,-44,,-39,
KG,Kyrgyzstan,Talas Region,,,KG-T,,ChIJTVS47SPHozgRqyAdJHOnVQ4,2021-03-03,-21,-17,-45,,-40,
KG,Kyrgyzstan,Talas Region,,,KG-T,,ChIJTVS47SPHozgRqyAdJHOnVQ4,2021-03-04,-14,-15,-43,,-41,
KG,Kyrgyzstan,Talas Region,,,KG-T,,ChIJTVS47SPHozgRqyAdJHOnVQ4,2021-03-05,-15,-17,-43,,-42,
KG,Kyrgyzstan,Talas Region,,,KG-T,,ChIJTVS47SPHozgRqyAdJHOnVQ4,2021-03-06,-14,-11,-40,,-34,
KG,Kyrgyzstan,Talas Region,,,KG-T,,ChIJTVS47SPHozgRqyAdJHOnVQ4,2021-03-07,-1,-8,-36,,-39,
KG,Kyrgyzstan,Talas Region,,,KG-T,,ChIJTVS47SPHozgRqyAdJHOnVQ4,2021-03-08,-10,-12,-43,,-70,
KG,Kyrgyzstan,Talas Region,,,KG-T,,ChIJTVS47SPHozgRqyAdJHOnVQ4,2021-03-09,-11,-17,-42,,-39,
KG,Kyrgyzstan,Talas Region,,,KG-T,,ChIJTVS47SPHozgRqyAdJHOnVQ4,2021-03-10,-14,-23,-45,,-41,
KG,Kyrgyzstan,Talas Region,,,KG-T,,ChIJTVS47SPHozgRqyAdJHOnVQ4,2021-03-11,-14,-25,-42,,-41,
KG,Kyrgyzstan,Talas Region,,,KG-T,,ChIJTVS47SPHozgRqyAdJHOnVQ4,2021-03-12,-9,-24,-39,,-40,
KG,Kyrgyzstan,Talas Region,,,KG-T,,ChIJTVS47SPHozgRqyAdJHOnVQ4,2021-03-13,-22,-22,-41,,-40,
KG,Kyrgyzstan,Talas Region,,,KG-T,,ChIJTVS47SPHozgRqyAdJHOnVQ4,2021-03-14,-23,-29,-44,,-48,
KG,Kyrgyzstan,Talas Region,,,KG-T,,ChIJTVS47SPHozgRqyAdJHOnVQ4,2021-03-15,-15,-25,-48,,-42,
KG,Kyrgyzstan,Talas Region,,,KG-T,,ChIJTVS47SPHozgRqyAdJHOnVQ4,2021-03-16,-8,-20,-46,,-38,
KG,Kyrgyzstan,Talas Region,,,KG-T,,ChIJTVS47SPHozgRqyAdJHOnVQ4,2021-03-17,-15,-17,-44,,-38,
KG,Kyrgyzstan,Talas Region,,,KG-T,,ChIJTVS47SPHozgRqyAdJHOnVQ4,2021-03-18,-8,-18,-38,,-39,
KG,Kyrgyzstan,Talas Region,,,KG-T,,ChIJTVS47SPHozgRqyAdJHOnVQ4,2021-03-19,-4,-10,-37,,-41,
KG,Kyrgyzstan,Talas Region,,,KG-T,,ChIJTVS47SPHozgRqyAdJHOnVQ4,2021-03-20,-9,-9,-34,,-36,
KG,Kyrgyzstan,Talas Region,,,KG-T,,ChIJTVS47SPHozgRqyAdJHOnVQ4,2021-03-21,-29,-29,-36,,-52,
KG,Kyrgyzstan,Talas Region,,,KG-T,,ChIJTVS47SPHozgRqyAdJHOnVQ4,2021-03-22,-24,-30,-44,,-68,
KG,Kyrgyzstan,Talas Region,,,KG-T,,ChIJTVS47SPHozgRqyAdJHOnVQ4,2021-03-23,-1,-17,-42,,-49,
KG,Kyrgyzstan,Talas Region,,,KG-T,,ChIJTVS47SPHozgRqyAdJHOnVQ4,2021-03-24,-13,-8,-40,,-48,
KG,Kyrgyzstan,Talas Region,,,KG-T,,ChIJTVS47SPHozgRqyAdJHOnVQ4,2021-03-25,-6,-9,-34,,-51,
KG,Kyrgyzstan,Talas Region,,,KG-T,,ChIJTVS47SPHozgRqyAdJHOnVQ4,2021-03-26,-13,-18,-41,,-52,
KG,Kyrgyzstan,Talas Region,,,KG-T,,ChIJTVS47SPHozgRqyAdJHOnVQ4,2021-03-27,-15,-19,-38,,-43,
KG,Kyrgyzstan,Talas Region,,,KG-T,,ChIJTVS47SPHozgRqyAdJHOnVQ4,2021-03-28,-14,-25,-34,,-46,
KG,Kyrgyzstan,Talas Region,,,KG-T,,ChIJTVS47SPHozgRqyAdJHOnVQ4,2021-03-29,-17,-27,-43,,-53,
KG,Kyrgyzstan,Talas Region,,,KG-T,,ChIJTVS47SPHozgRqyAdJHOnVQ4,2021-03-30,-11,-20,-44,,-50,
KG,Kyrgyzstan,Talas Region,,,KG-T,,ChIJTVS47SPHozgRqyAdJHOnVQ4,2021-03-31,-3,-8,-43,,-49,
KG,Kyrgyzstan,Talas Region,,,KG-T,,ChIJTVS47SPHozgRqyAdJHOnVQ4,2021-04-01,-23,-31,-41,,-49,
KG,Kyrgyzstan,Talas Region,,,KG-T,,ChIJTVS47SPHozgRqyAdJHOnVQ4,2021-04-02,-8,-20,-39,,-42,
KG,Kyrgyzstan,Talas Region,,,KG-T,,ChIJTVS47SPHozgRqyAdJHOnVQ4,2021-04-03,-7,-8,-34,,-38,
KG,Kyrgyzstan,Talas Region,,,KG-T,,ChIJTVS47SPHozgRqyAdJHOnVQ4,2021-04-04,-8,-18,-33,,-41,
KG,Kyrgyzstan,Talas Region,,,KG-T,,ChIJTVS47SPHozgRqyAdJHOnVQ4,2021-04-05,-12,-15,-40,,-43,
KG,Kyrgyzstan,Talas Region,,,KG-T,,ChIJTVS47SPHozgRqyAdJHOnVQ4,2021-04-06,0,-10,-39,,-41,
KG,Kyrgyzstan,Talas Region,,,KG-T,,ChIJTVS47SPHozgRqyAdJHOnVQ4,2021-04-07,-20,-22,-41,,-66,
KG,Kyrgyzstan,Talas Region,,,KG-T,,ChIJTVS47SPHozgRqyAdJHOnVQ4,2021-04-08,-3,-16,-35,,-43,
KG,Kyrgyzstan,Talas Region,,,KG-T,,ChIJTVS47SPHozgRqyAdJHOnVQ4,2021-04-09,-2,-13,-35,,-41,
KG,Kyrgyzstan,Talas Region,,,KG-T,,ChIJTVS47SPHozgRqyAdJHOnVQ4,2021-04-10,-4,-3,-29,,-37,
KG,Kyrgyzstan,Talas Region,,,KG-T,,ChIJTVS47SPHozgRqyAdJHOnVQ4,2021-04-11,-1,-9,-32,,-41,
KG,Kyrgyzstan,Talas Region,,,KG-T,,ChIJTVS47SPHozgRqyAdJHOnVQ4,2021-04-12,0,-6,-40,,-46,
KG,Kyrgyzstan,Talas Region,,,KG-T,,ChIJTVS47SPHozgRqyAdJHOnVQ4,2021-04-13,-5,-11,-41,,-42,
KG,Kyrgyzstan,Talas Region,,,KG-T,,ChIJTVS47SPHozgRqyAdJHOnVQ4,2021-04-14,-7,-4,-38,,-39,
KG,Kyrgyzstan,Talas Region,,,KG-T,,ChIJTVS47SPHozgRqyAdJHOnVQ4,2021-04-15,-9,-3,-36,,-41,
KG,Kyrgyzstan,Talas Region,,,KG-T,,ChIJTVS47SPHozgRqyAdJHOnVQ4,2021-04-16,-15,-14,-39,,-41,
KG,Kyrgyzstan,Talas Region,,,KG-T,,ChIJTVS47SPHozgRqyAdJHOnVQ4,2021-04-17,-20,-11,-39,,-38,
KG,Kyrgyzstan,Talas Region,,,KG-T,,ChIJTVS47SPHozgRqyAdJHOnVQ4,2021-04-18,-17,-25,-38,,-48,
KG,Kyrgyzstan,Talas Region,,,KG-T,,ChIJTVS47SPHozgRqyAdJHOnVQ4,2021-04-19,-9,-6,-39,,-40,
KG,Kyrgyzstan,Talas Region,,,KG-T,,ChIJTVS47SPHozgRqyAdJHOnVQ4,2021-04-20,-8,-3,-42,,-40,
KG,Kyrgyzstan,Talas Region,,,KG-T,,ChIJTVS47SPHozgRqyAdJHOnVQ4,2021-04-21,-24,8,-45,,-42,
KG,Kyrgyzstan,Talas Region,,,KG-T,,ChIJTVS47SPHozgRqyAdJHOnVQ4,2021-04-22,-16,22,-38,,-42,
KG,Kyrgyzstan,Talas Region,,,KG-T,,ChIJTVS47SPHozgRqyAdJHOnVQ4,2021-04-23,-15,4,-36,,-40,
KG,Kyrgyzstan,Talas Region,,,KG-T,,ChIJTVS47SPHozgRqyAdJHOnVQ4,2021-04-24,-18,18,-36,,-39,
KG,Kyrgyzstan,Talas Region,,,KG-T,,ChIJTVS47SPHozgRqyAdJHOnVQ4,2021-04-25,-9,17,-27,,-44,
