country_region_code,country_region,sub_region_1,sub_region_2,metro_area,iso_3166_2_code,census_fips_code,place_id,date,retail_and_recreation_percent_change_from_baseline,grocery_and_pharmacy_percent_change_from_baseline,parks_percent_change_from_baseline,transit_stations_percent_change_from_baseline,workplaces_percent_change_from_baseline,residential_percent_change_from_baseline
CV,Cape Verde,,,,,,ChIJMVERWSGPNQkRH-oY-TbyGms,2021-01-01,-49,-47,-14,-65,-78,20
CV,Cape Verde,,,,,,ChIJMVERWSGPNQkRH-oY-TbyGms,2021-01-02,-36,-19,-12,-52,-51,14
CV,Cape Verde,,,,,,ChIJMVERWSGPNQkRH-oY-TbyGms,2021-01-03,-37,-20,-8,-43,-42,11
CV,Cape Verde,,,,,,ChIJMVERWSGPNQkRH-oY-TbyGms,2021-01-04,-23,2,-2,-23,-34,11
CV,Cape Verde,,,,,,ChIJMVERWSGPNQkRH-oY-TbyGms,2021-01-05,-29,-6,-6,-38,-35,11
CV,Cape Verde,,,,,,ChIJMVERWSGPNQkRH-oY-TbyGms,2021-01-06,-26,-7,-2,-37,-29,10
CV,Cape Verde,,,,,,ChIJMVERWSGPNQkRH-oY-TbyGms,2021-01-07,-27,-5,-5,-39,-27,10
CV,Cape Verde,,,,,,ChIJMVERWSGPNQkRH-oY-TbyGms,2021-01-08,-28,-7,-13,-39,-29,9
CV,Cape Verde,,,,,,ChIJMVERWSGPNQkRH-oY-TbyGms,2021-01-09,-29,-12,-18,-53,-34,10
CV,Cape Verde,,,,,,ChIJMVERWSGPNQkRH-oY-TbyGms,2021-01-10,-43,-26,-25,-50,-42,12
CV,Cape Verde,,,,,,ChIJMVERWSGPNQkRH-oY-TbyGms,2021-01-11,-27,-4,-12,-33,-25,9
CV,Cape Verde,,,,,,ChIJMVERWSGPNQkRH-oY-TbyGms,2021-01-12,-29,-9,-16,-44,-28,8
CV,Cape Verde,,,,,,ChIJMVERWSGPNQkRH-oY-TbyGms,2021-01-13,-47,-42,-24,-63,-72,21
CV,Cape Verde,,,,,,ChIJMVERWSGPNQkRH-oY-TbyGms,2021-01-14,-34,-18,-19,-44,-36,6
CV,Cape Verde,,,,,,ChIJMVERWSGPNQkRH-oY-TbyGms,2021-01-15,-39,-27,-28,-51,-40,8
CV,Cape Verde,,,,,,ChIJMVERWSGPNQkRH-oY-TbyGms,2021-01-16,-41,-30,-33,-62,-49,10
CV,Cape Verde,,,,,,ChIJMVERWSGPNQkRH-oY-TbyGms,2021-01-17,-50,-37,-36,-66,-52,12
CV,Cape Verde,,,,,,ChIJMVERWSGPNQkRH-oY-TbyGms,2021-01-18,-38,-22,-27,-43,-37,8
CV,Cape Verde,,,,,,ChIJMVERWSGPNQkRH-oY-TbyGms,2021-01-19,-35,-23,-27,-56,-39,7
CV,Cape Verde,,,,,,ChIJMVERWSGPNQkRH-oY-TbyGms,2021-01-20,-53,-47,-30,-68,-76,24
CV,Cape Verde,,,,,,ChIJMVERWSGPNQkRH-oY-TbyGms,2021-01-21,-38,-20,-25,-51,-39,8
CV,Cape Verde,,,,,,ChIJMVERWSGPNQkRH-oY-TbyGms,2021-01-22,-41,-30,-30,-51,-48,12
CV,Cape Verde,,,,,,ChIJMVERWSGPNQkRH-oY-TbyGms,2021-01-23,-37,-21,-29,-56,-45,9
CV,Cape Verde,,,,,,ChIJMVERWSGPNQkRH-oY-TbyGms,2021-01-24,-45,-32,-29,-62,-49,11
CV,Cape Verde,,,,,,ChIJMVERWSGPNQkRH-oY-TbyGms,2021-01-25,-33,-16,-21,-42,-35,7
CV,Cape Verde,,,,,,ChIJMVERWSGPNQkRH-oY-TbyGms,2021-01-26,-37,-21,-24,-53,-38,7
CV,Cape Verde,,,,,,ChIJMVERWSGPNQkRH-oY-TbyGms,2021-01-27,-35,-22,-17,-47,-35,7
CV,Cape Verde,,,,,,ChIJMVERWSGPNQkRH-oY-TbyGms,2021-01-28,-34,-20,-20,-52,-36,7
CV,Cape Verde,,,,,,ChIJMVERWSGPNQkRH-oY-TbyGms,2021-01-29,-33,-18,-22,-48,-36,4
CV,Cape Verde,,,,,,ChIJMVERWSGPNQkRH-oY-TbyGms,2021-01-30,-33,-17,-22,-56,-43,4
CV,Cape Verde,,,,,,ChIJMVERWSGPNQkRH-oY-TbyGms,2021-01-31,-45,-31,-27,-63,-50,8
CV,Cape Verde,,,,,,ChIJMVERWSGPNQkRH-oY-TbyGms,2021-02-01,-33,-11,-18,-47,-34,2
CV,Cape Verde,,,,,,ChIJMVERWSGPNQkRH-oY-TbyGms,2021-02-02,-37,-17,-21,-55,-37,4
CV,Cape Verde,,,,,,ChIJMVERWSGPNQkRH-oY-TbyGms,2021-02-03,-37,-22,-17,-52,-38,3
CV,Cape Verde,,,,,,ChIJMVERWSGPNQkRH-oY-TbyGms,2021-02-04,-38,-20,-22,-54,-37,4
CV,Cape Verde,,,,,,ChIJMVERWSGPNQkRH-oY-TbyGms,2021-02-05,-37,-18,-22,-49,-37,2
CV,Cape Verde,,,,,,ChIJMVERWSGPNQkRH-oY-TbyGms,2021-02-06,-37,-20,-23,-65,-44,4
CV,Cape Verde,,,,,,ChIJMVERWSGPNQkRH-oY-TbyGms,2021-02-07,-51,-34,-25,-64,-50,7
CV,Cape Verde,,,,,,ChIJMVERWSGPNQkRH-oY-TbyGms,2021-02-08,-39,-18,-17,-44,-35,2
CV,Cape Verde,,,,,,ChIJMVERWSGPNQkRH-oY-TbyGms,2021-02-09,-39,-20,-22,-54,-38,4
CV,Cape Verde,,,,,,ChIJMVERWSGPNQkRH-oY-TbyGms,2021-02-10,-38,-19,-15,-50,-39,3
CV,Cape Verde,,,,,,ChIJMVERWSGPNQkRH-oY-TbyGms,2021-02-11,-37,-19,-21,-59,-38,2
CV,Cape Verde,,,,,,ChIJMVERWSGPNQkRH-oY-TbyGms,2021-02-12,-38,-15,-22,-50,-39,-1
CV,Cape Verde,,,,,,ChIJMVERWSGPNQkRH-oY-TbyGms,2021-02-13,-36,-13,-20,-64,-45,0
CV,Cape Verde,,,,,,ChIJMVERWSGPNQkRH-oY-TbyGms,2021-02-14,-42,-24,-24,-65,-50,3
CV,Cape Verde,,,,,,ChIJMVERWSGPNQkRH-oY-TbyGms,2021-02-15,-38,-14,-21,-50,-45,1
CV,Cape Verde,,,,,,ChIJMVERWSGPNQkRH-oY-TbyGms,2021-02-16,-39,-17,-20,-58,-46,3
CV,Cape Verde,,,,,,ChIJMVERWSGPNQkRH-oY-TbyGms,2021-02-17,-47,-31,-28,-62,-51,6
CV,Cape Verde,,,,,,ChIJMVERWSGPNQkRH-oY-TbyGms,2021-02-18,-42,-20,-22,-61,-38,2
CV,Cape Verde,,,,,,ChIJMVERWSGPNQkRH-oY-TbyGms,2021-02-19,-39,-17,-25,-49,-38,1
CV,Cape Verde,,,,,,ChIJMVERWSGPNQkRH-oY-TbyGms,2021-02-20,-38,-20,-22,-64,-44,1
CV,Cape Verde,,,,,,ChIJMVERWSGPNQkRH-oY-TbyGms,2021-02-21,-49,-30,-27,-66,-49,4
CV,Cape Verde,,,,,,ChIJMVERWSGPNQkRH-oY-TbyGms,2021-02-22,-39,-16,-19,-49,-36,1
CV,Cape Verde,,,,,,ChIJMVERWSGPNQkRH-oY-TbyGms,2021-02-23,-40,-20,-22,-56,-37,1
CV,Cape Verde,,,,,,ChIJMVERWSGPNQkRH-oY-TbyGms,2021-02-24,-37,-21,-18,-55,-36,2
CV,Cape Verde,,,,,,ChIJMVERWSGPNQkRH-oY-TbyGms,2021-02-25,-36,-20,-21,-57,-36,2
CV,Cape Verde,,,,,,ChIJMVERWSGPNQkRH-oY-TbyGms,2021-02-26,-35,-19,-23,-51,-36,0
CV,Cape Verde,,,,,,ChIJMVERWSGPNQkRH-oY-TbyGms,2021-02-27,-33,-15,-22,-65,-44,1
CV,Cape Verde,,,,,,ChIJMVERWSGPNQkRH-oY-TbyGms,2021-02-28,-45,-24,-22,-63,-48,4
CV,Cape Verde,,,,,,ChIJMVERWSGPNQkRH-oY-TbyGms,2021-03-01,-31,-13,-15,-49,-33,0
CV,Cape Verde,,,,,,ChIJMVERWSGPNQkRH-oY-TbyGms,2021-03-02,-34,-16,-14,-58,-35,1
CV,Cape Verde,,,,,,ChIJMVERWSGPNQkRH-oY-TbyGms,2021-03-03,-33,-18,-2,-58,-35,1
CV,Cape Verde,,,,,,ChIJMVERWSGPNQkRH-oY-TbyGms,2021-03-04,-34,-19,-4,-56,-36,2
CV,Cape Verde,,,,,,ChIJMVERWSGPNQkRH-oY-TbyGms,2021-03-05,-33,-17,-5,-51,-35,0
CV,Cape Verde,,,,,,ChIJMVERWSGPNQkRH-oY-TbyGms,2021-03-06,-34,-18,-12,-61,-42,2
CV,Cape Verde,,,,,,ChIJMVERWSGPNQkRH-oY-TbyGms,2021-03-07,-46,-31,-19,-63,-46,5
CV,Cape Verde,,,,,,ChIJMVERWSGPNQkRH-oY-TbyGms,2021-03-08,-31,-15,-1,-51,-32,0
CV,Cape Verde,,,,,,ChIJMVERWSGPNQkRH-oY-TbyGms,2021-03-09,-35,-21,-9,-57,-35,1
CV,Cape Verde,,,,,,ChIJMVERWSGPNQkRH-oY-TbyGms,2021-03-10,-36,-22,-5,-58,-33,3
CV,Cape Verde,,,,,,ChIJMVERWSGPNQkRH-oY-TbyGms,2021-03-11,-36,-22,-6,-57,-35,3
CV,Cape Verde,,,,,,ChIJMVERWSGPNQkRH-oY-TbyGms,2021-03-12,-33,-20,-7,-48,-34,1
CV,Cape Verde,,,,,,ChIJMVERWSGPNQkRH-oY-TbyGms,2021-03-13,-33,-19,-7,-60,-43,2
CV,Cape Verde,,,,,,ChIJMVERWSGPNQkRH-oY-TbyGms,2021-03-14,-44,-29,-12,-59,-46,4
CV,Cape Verde,,,,,,ChIJMVERWSGPNQkRH-oY-TbyGms,2021-03-15,-33,-16,-2,-49,-30,0
CV,Cape Verde,,,,,,ChIJMVERWSGPNQkRH-oY-TbyGms,2021-03-16,-35,-20,-3,-54,-33,2
CV,Cape Verde,,,,,,ChIJMVERWSGPNQkRH-oY-TbyGms,2021-03-17,-35,-21,2,-51,-31,2
CV,Cape Verde,,,,,,ChIJMVERWSGPNQkRH-oY-TbyGms,2021-03-18,-34,-20,-3,-53,-32,2
CV,Cape Verde,,,,,,ChIJMVERWSGPNQkRH-oY-TbyGms,2021-03-19,-31,-17,-1,-49,-32,0
CV,Cape Verde,,,,,,ChIJMVERWSGPNQkRH-oY-TbyGms,2021-03-20,-32,-17,-6,-63,-40,1
CV,Cape Verde,,,,,,ChIJMVERWSGPNQkRH-oY-TbyGms,2021-03-21,-46,-30,-11,-54,-45,2
CV,Cape Verde,,,,,,ChIJMVERWSGPNQkRH-oY-TbyGms,2021-03-22,-31,-14,-2,-51,-27,1
CV,Cape Verde,,,,,,ChIJMVERWSGPNQkRH-oY-TbyGms,2021-03-23,-34,-18,-6,-56,-32,2
CV,Cape Verde,,,,,,ChIJMVERWSGPNQkRH-oY-TbyGms,2021-03-24,-32,-17,6,-57,-31,1
CV,Cape Verde,,,,,,ChIJMVERWSGPNQkRH-oY-TbyGms,2021-03-25,-28,-14,5,-54,-30,1
CV,Cape Verde,,,,,,ChIJMVERWSGPNQkRH-oY-TbyGms,2021-03-26,-29,-14,3,-47,-32,1
CV,Cape Verde,,,,,,ChIJMVERWSGPNQkRH-oY-TbyGms,2021-03-27,-24,-13,-3,-60,-41,2
CV,Cape Verde,,,,,,ChIJMVERWSGPNQkRH-oY-TbyGms,2021-03-28,-42,-28,-11,-50,-45,4
CV,Cape Verde,,,,,,ChIJMVERWSGPNQkRH-oY-TbyGms,2021-03-29,-27,-11,5,-45,-35,3
CV,Cape Verde,,,,,,ChIJMVERWSGPNQkRH-oY-TbyGms,2021-03-30,-30,-17,1,-54,-39,3
CV,Cape Verde,,,,,,ChIJMVERWSGPNQkRH-oY-TbyGms,2021-03-31,-27,-15,13,-54,-38,3
CV,Cape Verde,,,,,,ChIJMVERWSGPNQkRH-oY-TbyGms,2021-04-01,-22,-8,12,-47,-42,4
CV,Cape Verde,,,,,,ChIJMVERWSGPNQkRH-oY-TbyGms,2021-04-02,-50,-48,-18,-55,-76,18
CV,Cape Verde,,,,,,ChIJMVERWSGPNQkRH-oY-TbyGms,2021-04-03,-28,-11,5,-64,-46,3
CV,Cape Verde,,,,,,ChIJMVERWSGPNQkRH-oY-TbyGms,2021-04-04,-45,-30,-11,-52,-46,3
CV,Cape Verde,,,,,,ChIJMVERWSGPNQkRH-oY-TbyGms,2021-04-05,-27,-12,12,-44,-34,3
CV,Cape Verde,,,,,,ChIJMVERWSGPNQkRH-oY-TbyGms,2021-04-06,-30,-17,5,-54,-37,4
CV,Cape Verde,,,,,,ChIJMVERWSGPNQkRH-oY-TbyGms,2021-04-07,-28,-14,8,-52,-31,3
CV,Cape Verde,,,,,,ChIJMVERWSGPNQkRH-oY-TbyGms,2021-04-08,-29,-14,5,-48,-30,2
CV,Cape Verde,,,,,,ChIJMVERWSGPNQkRH-oY-TbyGms,2021-04-09,-28,-14,3,-47,-30,2
CV,Cape Verde,,,,,,ChIJMVERWSGPNQkRH-oY-TbyGms,2021-04-10,-29,-15,0,-64,-39,3
CV,Cape Verde,,,,,,ChIJMVERWSGPNQkRH-oY-TbyGms,2021-04-11,-41,-25,-5,-52,-45,6
CV,Cape Verde,,,,,,ChIJMVERWSGPNQkRH-oY-TbyGms,2021-04-12,-27,-12,6,-46,-27,1
CV,Cape Verde,,,,,,ChIJMVERWSGPNQkRH-oY-TbyGms,2021-04-13,-29,-16,0,-51,-30,2
CV,Cape Verde,,,,,,ChIJMVERWSGPNQkRH-oY-TbyGms,2021-04-14,-29,-14,10,-56,-30,2
CV,Cape Verde,,,,,,ChIJMVERWSGPNQkRH-oY-TbyGms,2021-04-15,-28,-14,5,-49,-30,3
CV,Cape Verde,,,,,,ChIJMVERWSGPNQkRH-oY-TbyGms,2021-04-16,-27,-15,4,-42,-30,2
CV,Cape Verde,,,,,,ChIJMVERWSGPNQkRH-oY-TbyGms,2021-04-17,-31,-16,-4,-59,-39,6
CV,Cape Verde,,,,,,ChIJMVERWSGPNQkRH-oY-TbyGms,2021-04-18,-32,-11,-6,-50,-38,3
CV,Cape Verde,,,,,,ChIJMVERWSGPNQkRH-oY-TbyGms,2021-04-19,-33,-17,-2,-48,-38,7
CV,Cape Verde,,,,,,ChIJMVERWSGPNQkRH-oY-TbyGms,2021-04-20,-33,-16,-2,-54,-30,4
CV,Cape Verde,,,,,,ChIJMVERWSGPNQkRH-oY-TbyGms,2021-04-21,-30,-15,7,-59,-29,3
CV,Cape Verde,,,,,,ChIJMVERWSGPNQkRH-oY-TbyGms,2021-04-22,-28,-14,1,-50,-28,5
CV,Cape Verde,,,,,,ChIJMVERWSGPNQkRH-oY-TbyGms,2021-04-23,-29,-16,2,-40,-40,7
CV,Cape Verde,,,,,,ChIJMVERWSGPNQkRH-oY-TbyGms,2021-04-24,-28,-13,1,-57,-39,4
CV,Cape Verde,,,,,,ChIJMVERWSGPNQkRH-oY-TbyGms,2021-04-25,-45,-27,-10,-52,-45,7
CV,Cape Verde,Praia,,,CV-PR,,ChIJV_GnJLaQNQkR8sSzx_UCrKA,2021-01-01,-50,-46,,-53,-83,27
CV,Cape Verde,Praia,,,CV-PR,,ChIJV_GnJLaQNQkR8sSzx_UCrKA,2021-01-02,-29,-13,,,-52,
CV,Cape Verde,Praia,,,CV-PR,,ChIJV_GnJLaQNQkR8sSzx_UCrKA,2021-01-03,-25,,,,-31,
CV,Cape Verde,Praia,,,CV-PR,,ChIJV_GnJLaQNQkR8sSzx_UCrKA,2021-01-04,-5,13,,,-28,13
CV,Cape Verde,Praia,,,CV-PR,,ChIJV_GnJLaQNQkR8sSzx_UCrKA,2021-01-05,-12,7,,,-29,13
CV,Cape Verde,Praia,,,CV-PR,,ChIJV_GnJLaQNQkR8sSzx_UCrKA,2021-01-06,-8,11,,,-23,12
CV,Cape Verde,Praia,,,CV-PR,,ChIJV_GnJLaQNQkR8sSzx_UCrKA,2021-01-07,-14,8,,,-23,14
CV,Cape Verde,Praia,,,CV-PR,,ChIJV_GnJLaQNQkR8sSzx_UCrKA,2021-01-08,-13,4,,-18,-23,11
CV,Cape Verde,Praia,,,CV-PR,,ChIJV_GnJLaQNQkR8sSzx_UCrKA,2021-01-09,-18,0,,,-26,
CV,Cape Verde,Praia,,,CV-PR,,ChIJV_GnJLaQNQkR8sSzx_UCrKA,2021-01-10,-28,-11,,,-31,
CV,Cape Verde,Praia,,,CV-PR,,ChIJV_GnJLaQNQkR8sSzx_UCrKA,2021-01-11,-8,13,,,-21,10
CV,Cape Verde,Praia,,,CV-PR,,ChIJV_GnJLaQNQkR8sSzx_UCrKA,2021-01-12,-9,4,,,-23,8
CV,Cape Verde,Praia,,,CV-PR,,ChIJV_GnJLaQNQkR8sSzx_UCrKA,2021-01-13,-36,-37,,,-76,24
CV,Cape Verde,Praia,,,CV-PR,,ChIJV_GnJLaQNQkR8sSzx_UCrKA,2021-01-14,-19,-3,,,-33,7
CV,Cape Verde,Praia,,,CV-PR,,ChIJV_GnJLaQNQkR8sSzx_UCrKA,2021-01-15,-29,-20,,-32,-37,9
CV,Cape Verde,Praia,,,CV-PR,,ChIJV_GnJLaQNQkR8sSzx_UCrKA,2021-01-16,-26,-21,,,-40,
CV,Cape Verde,Praia,,,CV-PR,,ChIJV_GnJLaQNQkR8sSzx_UCrKA,2021-01-17,-36,,,,-42,
CV,Cape Verde,Praia,,,CV-PR,,ChIJV_GnJLaQNQkR8sSzx_UCrKA,2021-01-18,-19,-7,,,-31,9
CV,Cape Verde,Praia,,,CV-PR,,ChIJV_GnJLaQNQkR8sSzx_UCrKA,2021-01-19,-15,-7,,,-34,8
CV,Cape Verde,Praia,,,CV-PR,,ChIJV_GnJLaQNQkR8sSzx_UCrKA,2021-01-20,-44,-38,,,-78,27
CV,Cape Verde,Praia,,,CV-PR,,ChIJV_GnJLaQNQkR8sSzx_UCrKA,2021-01-21,-23,-4,,,-32,11
CV,Cape Verde,Praia,,,CV-PR,,ChIJV_GnJLaQNQkR8sSzx_UCrKA,2021-01-22,-22,-8,,-28,-35,10
CV,Cape Verde,Praia,,,CV-PR,,ChIJV_GnJLaQNQkR8sSzx_UCrKA,2021-01-23,-22,-8,,,-37,
CV,Cape Verde,Praia,,,CV-PR,,ChIJV_GnJLaQNQkR8sSzx_UCrKA,2021-01-24,-27,,,,-37,
CV,Cape Verde,Praia,,,CV-PR,,ChIJV_GnJLaQNQkR8sSzx_UCrKA,2021-01-25,-16,2,,,-31,9
CV,Cape Verde,Praia,,,CV-PR,,ChIJV_GnJLaQNQkR8sSzx_UCrKA,2021-01-26,-18,-7,,,-32,9
CV,Cape Verde,Praia,,,CV-PR,,ChIJV_GnJLaQNQkR8sSzx_UCrKA,2021-01-27,-16,-4,,,-30,10
CV,Cape Verde,Praia,,,CV-PR,,ChIJV_GnJLaQNQkR8sSzx_UCrKA,2021-01-28,-17,0,,,-31,9
CV,Cape Verde,Praia,,,CV-PR,,ChIJV_GnJLaQNQkR8sSzx_UCrKA,2021-01-29,-17,-5,,-29,-31,6
CV,Cape Verde,Praia,,,CV-PR,,ChIJV_GnJLaQNQkR8sSzx_UCrKA,2021-01-30,-18,-3,,,-36,
CV,Cape Verde,Praia,,,CV-PR,,ChIJV_GnJLaQNQkR8sSzx_UCrKA,2021-01-31,-30,,,,-39,
CV,Cape Verde,Praia,,,CV-PR,,ChIJV_GnJLaQNQkR8sSzx_UCrKA,2021-02-01,-13,7,,,-29,5
CV,Cape Verde,Praia,,,CV-PR,,ChIJV_GnJLaQNQkR8sSzx_UCrKA,2021-02-02,-20,-5,,,-31,5
CV,Cape Verde,Praia,,,CV-PR,,ChIJV_GnJLaQNQkR8sSzx_UCrKA,2021-02-03,-18,-4,,,-32,5
CV,Cape Verde,Praia,,,CV-PR,,ChIJV_GnJLaQNQkR8sSzx_UCrKA,2021-02-04,-22,-3,,,-32,7
CV,Cape Verde,Praia,,,CV-PR,,ChIJV_GnJLaQNQkR8sSzx_UCrKA,2021-02-05,-21,-6,,-38,-33,5
CV,Cape Verde,Praia,,,CV-PR,,ChIJV_GnJLaQNQkR8sSzx_UCrKA,2021-02-06,-21,-6,,,-35,
CV,Cape Verde,Praia,,,CV-PR,,ChIJV_GnJLaQNQkR8sSzx_UCrKA,2021-02-07,-33,-17,,,-38,
CV,Cape Verde,Praia,,,CV-PR,,ChIJV_GnJLaQNQkR8sSzx_UCrKA,2021-02-08,-17,-3,,-44,-31,5
CV,Cape Verde,Praia,,,CV-PR,,ChIJV_GnJLaQNQkR8sSzx_UCrKA,2021-02-09,-20,-8,,,-33,5
CV,Cape Verde,Praia,,,CV-PR,,ChIJV_GnJLaQNQkR8sSzx_UCrKA,2021-02-10,-18,1,,,-32,5
CV,Cape Verde,Praia,,,CV-PR,,ChIJV_GnJLaQNQkR8sSzx_UCrKA,2021-02-11,-17,-2,,-53,-34,5
CV,Cape Verde,Praia,,,CV-PR,,ChIJV_GnJLaQNQkR8sSzx_UCrKA,2021-02-12,-19,2,,-38,-34,1
CV,Cape Verde,Praia,,,CV-PR,,ChIJV_GnJLaQNQkR8sSzx_UCrKA,2021-02-13,-14,5,,,-36,
CV,Cape Verde,Praia,,,CV-PR,,ChIJV_GnJLaQNQkR8sSzx_UCrKA,2021-02-14,-17,-7,,,-40,
CV,Cape Verde,Praia,,,CV-PR,,ChIJV_GnJLaQNQkR8sSzx_UCrKA,2021-02-15,-13,5,,,-38,3
CV,Cape Verde,Praia,,,CV-PR,,ChIJV_GnJLaQNQkR8sSzx_UCrKA,2021-02-16,-19,2,,,-40,5
CV,Cape Verde,Praia,,,CV-PR,,ChIJV_GnJLaQNQkR8sSzx_UCrKA,2021-02-17,-33,-21,,,-48,9
CV,Cape Verde,Praia,,,CV-PR,,ChIJV_GnJLaQNQkR8sSzx_UCrKA,2021-02-18,-23,-4,,-54,-32,5
CV,Cape Verde,Praia,,,CV-PR,,ChIJV_GnJLaQNQkR8sSzx_UCrKA,2021-02-19,-20,0,,-34,-31,4
CV,Cape Verde,Praia,,,CV-PR,,ChIJV_GnJLaQNQkR8sSzx_UCrKA,2021-02-20,-20,-5,,,-33,
CV,Cape Verde,Praia,,,CV-PR,,ChIJV_GnJLaQNQkR8sSzx_UCrKA,2021-02-21,-28,-14,,,-39,
CV,Cape Verde,Praia,,,CV-PR,,ChIJV_GnJLaQNQkR8sSzx_UCrKA,2021-02-22,-14,3,,,-30,2
CV,Cape Verde,Praia,,,CV-PR,,ChIJV_GnJLaQNQkR8sSzx_UCrKA,2021-02-23,-20,-7,,,-30,2
CV,Cape Verde,Praia,,,CV-PR,,ChIJV_GnJLaQNQkR8sSzx_UCrKA,2021-02-24,-9,-5,,,-30,4
CV,Cape Verde,Praia,,,CV-PR,,ChIJV_GnJLaQNQkR8sSzx_UCrKA,2021-02-25,-11,-2,,,-29,5
CV,Cape Verde,Praia,,,CV-PR,,ChIJV_GnJLaQNQkR8sSzx_UCrKA,2021-02-26,-11,-5,,-32,-30,2
CV,Cape Verde,Praia,,,CV-PR,,ChIJV_GnJLaQNQkR8sSzx_UCrKA,2021-02-27,-7,2,,,-33,
CV,Cape Verde,Praia,,,CV-PR,,ChIJV_GnJLaQNQkR8sSzx_UCrKA,2021-02-28,-20,,,,-38,
CV,Cape Verde,Praia,,,CV-PR,,ChIJV_GnJLaQNQkR8sSzx_UCrKA,2021-03-01,0,4,,,-23,2
CV,Cape Verde,Praia,,,CV-PR,,ChIJV_GnJLaQNQkR8sSzx_UCrKA,2021-03-02,-7,0,,,-28,3
CV,Cape Verde,Praia,,,CV-PR,,ChIJV_GnJLaQNQkR8sSzx_UCrKA,2021-03-03,,1,,,-27,3
CV,Cape Verde,Praia,,,CV-PR,,ChIJV_GnJLaQNQkR8sSzx_UCrKA,2021-03-04,-7,-2,,,-29,4
CV,Cape Verde,Praia,,,CV-PR,,ChIJV_GnJLaQNQkR8sSzx_UCrKA,2021-03-05,-10,0,,-42,-29,2
CV,Cape Verde,Praia,,,CV-PR,,ChIJV_GnJLaQNQkR8sSzx_UCrKA,2021-03-06,-8,-3,,,-32,
CV,Cape Verde,Praia,,,CV-PR,,ChIJV_GnJLaQNQkR8sSzx_UCrKA,2021-03-07,-22,,,,-34,
CV,Cape Verde,Praia,,,CV-PR,,ChIJV_GnJLaQNQkR8sSzx_UCrKA,2021-03-08,-1,2,,,-25,2
CV,Cape Verde,Praia,,,CV-PR,,ChIJV_GnJLaQNQkR8sSzx_UCrKA,2021-03-09,-9,-9,,,-28,2
CV,Cape Verde,Praia,,,CV-PR,,ChIJV_GnJLaQNQkR8sSzx_UCrKA,2021-03-10,-4,-3,,,-26,4
CV,Cape Verde,Praia,,,CV-PR,,ChIJV_GnJLaQNQkR8sSzx_UCrKA,2021-03-11,-8,-3,,,-27,5
CV,Cape Verde,Praia,,,CV-PR,,ChIJV_GnJLaQNQkR8sSzx_UCrKA,2021-03-12,-6,-2,,-31,-26,2
CV,Cape Verde,Praia,,,CV-PR,,ChIJV_GnJLaQNQkR8sSzx_UCrKA,2021-03-13,-9,-3,,,-32,
CV,Cape Verde,Praia,,,CV-PR,,ChIJV_GnJLaQNQkR8sSzx_UCrKA,2021-03-14,-21,-11,,,-34,
CV,Cape Verde,Praia,,,CV-PR,,ChIJV_GnJLaQNQkR8sSzx_UCrKA,2021-03-15,-4,1,,,-22,1
CV,Cape Verde,Praia,,,CV-PR,,ChIJV_GnJLaQNQkR8sSzx_UCrKA,2021-03-16,-5,-6,,,-25,3
CV,Cape Verde,Praia,,,CV-PR,,ChIJV_GnJLaQNQkR8sSzx_UCrKA,2021-03-17,-1,-1,,,-23,3
CV,Cape Verde,Praia,,,CV-PR,,ChIJV_GnJLaQNQkR8sSzx_UCrKA,2021-03-18,-6,-1,,,-26,4
CV,Cape Verde,Praia,,,CV-PR,,ChIJV_GnJLaQNQkR8sSzx_UCrKA,2021-03-19,-3,-2,,-37,-26,0
CV,Cape Verde,Praia,,,CV-PR,,ChIJV_GnJLaQNQkR8sSzx_UCrKA,2021-03-20,-6,-1,,,-32,
CV,Cape Verde,Praia,,,CV-PR,,ChIJV_GnJLaQNQkR8sSzx_UCrKA,2021-03-21,-19,-12,,,-29,
CV,Cape Verde,Praia,,,CV-PR,,ChIJV_GnJLaQNQkR8sSzx_UCrKA,2021-03-22,1,4,,,-21,2
CV,Cape Verde,Praia,,,CV-PR,,ChIJV_GnJLaQNQkR8sSzx_UCrKA,2021-03-23,-6,-4,,,-25,2
CV,Cape Verde,Praia,,,CV-PR,,ChIJV_GnJLaQNQkR8sSzx_UCrKA,2021-03-24,-1,2,,,-24,2
CV,Cape Verde,Praia,,,CV-PR,,ChIJV_GnJLaQNQkR8sSzx_UCrKA,2021-03-25,2,3,,,-23,2
CV,Cape Verde,Praia,,,CV-PR,,ChIJV_GnJLaQNQkR8sSzx_UCrKA,2021-03-26,3,2,,-25,-26,2
CV,Cape Verde,Praia,,,CV-PR,,ChIJV_GnJLaQNQkR8sSzx_UCrKA,2021-03-27,1,4,,,-32,
CV,Cape Verde,Praia,,,CV-PR,,ChIJV_GnJLaQNQkR8sSzx_UCrKA,2021-03-28,-18,,,,-33,
CV,Cape Verde,Praia,,,CV-PR,,ChIJV_GnJLaQNQkR8sSzx_UCrKA,2021-03-29,7,5,,,-29,4
CV,Cape Verde,Praia,,,CV-PR,,ChIJV_GnJLaQNQkR8sSzx_UCrKA,2021-03-30,0,-3,,,-31,5
CV,Cape Verde,Praia,,,CV-PR,,ChIJV_GnJLaQNQkR8sSzx_UCrKA,2021-03-31,9,6,,,-32,3
CV,Cape Verde,Praia,,,CV-PR,,ChIJV_GnJLaQNQkR8sSzx_UCrKA,2021-04-01,9,15,,,-37,7
CV,Cape Verde,Praia,,,CV-PR,,ChIJV_GnJLaQNQkR8sSzx_UCrKA,2021-04-02,-41,-44,,-37,-82,24
CV,Cape Verde,Praia,,,CV-PR,,ChIJV_GnJLaQNQkR8sSzx_UCrKA,2021-04-03,-5,2,,,-42,
CV,Cape Verde,Praia,,,CV-PR,,ChIJV_GnJLaQNQkR8sSzx_UCrKA,2021-04-04,-27,,,,-37,
CV,Cape Verde,Praia,,,CV-PR,,ChIJV_GnJLaQNQkR8sSzx_UCrKA,2021-04-05,4,3,,,-28,3
CV,Cape Verde,Praia,,,CV-PR,,ChIJV_GnJLaQNQkR8sSzx_UCrKA,2021-04-06,0,-5,,,-31,3
CV,Cape Verde,Praia,,,CV-PR,,ChIJV_GnJLaQNQkR8sSzx_UCrKA,2021-04-07,4,4,,,-25,2
CV,Cape Verde,Praia,,,CV-PR,,ChIJV_GnJLaQNQkR8sSzx_UCrKA,2021-04-08,-1,4,,,-26,3
CV,Cape Verde,Praia,,,CV-PR,,ChIJV_GnJLaQNQkR8sSzx_UCrKA,2021-04-09,3,3,,-24,-25,3
CV,Cape Verde,Praia,,,CV-PR,,ChIJV_GnJLaQNQkR8sSzx_UCrKA,2021-04-10,-7,1,,,-34,
CV,Cape Verde,Praia,,,CV-PR,,ChIJV_GnJLaQNQkR8sSzx_UCrKA,2021-04-11,-14,-6,,,-32,
CV,Cape Verde,Praia,,,CV-PR,,ChIJV_GnJLaQNQkR8sSzx_UCrKA,2021-04-12,6,5,,,-20,3
CV,Cape Verde,Praia,,,CV-PR,,ChIJV_GnJLaQNQkR8sSzx_UCrKA,2021-04-13,-1,0,,,-22,3
CV,Cape Verde,Praia,,,CV-PR,,ChIJV_GnJLaQNQkR8sSzx_UCrKA,2021-04-14,3,7,,,-25,2
CV,Cape Verde,Praia,,,CV-PR,,ChIJV_GnJLaQNQkR8sSzx_UCrKA,2021-04-15,1,6,,,-24,5
CV,Cape Verde,Praia,,,CV-PR,,ChIJV_GnJLaQNQkR8sSzx_UCrKA,2021-04-16,0,1,,-13,-25,3
CV,Cape Verde,Praia,,,CV-PR,,ChIJV_GnJLaQNQkR8sSzx_UCrKA,2021-04-17,-7,1,,,-29,
CV,Cape Verde,Praia,,,CV-PR,,ChIJV_GnJLaQNQkR8sSzx_UCrKA,2021-04-18,-9,9,,,-29,
CV,Cape Verde,Praia,,,CV-PR,,ChIJV_GnJLaQNQkR8sSzx_UCrKA,2021-04-19,0,1,,,-33,10
CV,Cape Verde,Praia,,,CV-PR,,ChIJV_GnJLaQNQkR8sSzx_UCrKA,2021-04-20,-2,3,,,-26,6
CV,Cape Verde,Praia,,,CV-PR,,ChIJV_GnJLaQNQkR8sSzx_UCrKA,2021-04-21,0,6,,,-23,6
CV,Cape Verde,Praia,,,CV-PR,,ChIJV_GnJLaQNQkR8sSzx_UCrKA,2021-04-22,-1,5,,,-23,8
CV,Cape Verde,Praia,,,CV-PR,,ChIJV_GnJLaQNQkR8sSzx_UCrKA,2021-04-23,0,4,,-7,-35,9
CV,Cape Verde,Praia,,,CV-PR,,ChIJV_GnJLaQNQkR8sSzx_UCrKA,2021-04-24,-1,4,,,-31,
CV,Cape Verde,Praia,,,CV-PR,,ChIJV_GnJLaQNQkR8sSzx_UCrKA,2021-04-25,-25,,,,-36,
CV,Cape Verde,Sal,,,CV-SL,,ChIJ4fDeyAShTAkRSt4J6i3z3DE,2021-01-01,-61,,-18,-81,-76,
CV,Cape Verde,Sal,,,CV-SL,,ChIJ4fDeyAShTAkRSt4J6i3z3DE,2021-01-02,-61,,-19,-74,-59,
CV,Cape Verde,Sal,,,CV-SL,,ChIJ4fDeyAShTAkRSt4J6i3z3DE,2021-01-03,-62,,-21,-83,-60,
CV,Cape Verde,Sal,,,CV-SL,,ChIJ4fDeyAShTAkRSt4J6i3z3DE,2021-01-04,-53,,-18,-61,-48,
CV,Cape Verde,Sal,,,CV-SL,,ChIJ4fDeyAShTAkRSt4J6i3z3DE,2021-01-05,-58,,-25,-73,-54,
CV,Cape Verde,Sal,,,CV-SL,,ChIJ4fDeyAShTAkRSt4J6i3z3DE,2021-01-06,-55,,-24,-66,-48,
CV,Cape Verde,Sal,,,CV-SL,,ChIJ4fDeyAShTAkRSt4J6i3z3DE,2021-01-07,-58,,-25,-69,-50,
CV,Cape Verde,Sal,,,CV-SL,,ChIJ4fDeyAShTAkRSt4J6i3z3DE,2021-01-08,-59,,-36,-68,-50,
CV,Cape Verde,Sal,,,CV-SL,,ChIJ4fDeyAShTAkRSt4J6i3z3DE,2021-01-09,-57,,-35,-75,-50,
CV,Cape Verde,Sal,,,CV-SL,,ChIJ4fDeyAShTAkRSt4J6i3z3DE,2021-01-10,,,-35,-79,-61,
CV,Cape Verde,Sal,,,CV-SL,,ChIJ4fDeyAShTAkRSt4J6i3z3DE,2021-01-11,-60,,-43,-61,-49,
CV,Cape Verde,Sal,,,CV-SL,,ChIJ4fDeyAShTAkRSt4J6i3z3DE,2021-01-12,-59,,-35,-68,-54,
CV,Cape Verde,Sal,,,CV-SL,,ChIJ4fDeyAShTAkRSt4J6i3z3DE,2021-01-13,-65,,-45,-83,-70,
CV,Cape Verde,Sal,,,CV-SL,,ChIJ4fDeyAShTAkRSt4J6i3z3DE,2021-01-14,-64,,-44,-69,-60,
CV,Cape Verde,Sal,,,CV-SL,,ChIJ4fDeyAShTAkRSt4J6i3z3DE,2021-01-15,-67,,-49,-75,-57,
CV,Cape Verde,Sal,,,CV-SL,,ChIJ4fDeyAShTAkRSt4J6i3z3DE,2021-01-16,-65,,-46,-80,-60,
CV,Cape Verde,Sal,,,CV-SL,,ChIJ4fDeyAShTAkRSt4J6i3z3DE,2021-01-17,,,-48,-86,-65,
CV,Cape Verde,Sal,,,CV-SL,,ChIJ4fDeyAShTAkRSt4J6i3z3DE,2021-01-18,-64,,-43,-68,-56,
CV,Cape Verde,Sal,,,CV-SL,,ChIJ4fDeyAShTAkRSt4J6i3z3DE,2021-01-19,-62,,-45,-75,-56,
CV,Cape Verde,Sal,,,CV-SL,,ChIJ4fDeyAShTAkRSt4J6i3z3DE,2021-01-20,,,-44,-81,-75,
CV,Cape Verde,Sal,,,CV-SL,,ChIJ4fDeyAShTAkRSt4J6i3z3DE,2021-01-21,-64,,-43,-67,-57,
CV,Cape Verde,Sal,,,CV-SL,,ChIJ4fDeyAShTAkRSt4J6i3z3DE,2021-01-22,-60,,-48,-74,-54,
CV,Cape Verde,Sal,,,CV-SL,,ChIJ4fDeyAShTAkRSt4J6i3z3DE,2021-01-23,-64,,-43,-79,-61,
CV,Cape Verde,Sal,,,CV-SL,,ChIJ4fDeyAShTAkRSt4J6i3z3DE,2021-01-24,,,-41,-87,-67,
CV,Cape Verde,Sal,,,CV-SL,,ChIJ4fDeyAShTAkRSt4J6i3z3DE,2021-01-25,-60,,-42,-69,-56,
CV,Cape Verde,Sal,,,CV-SL,,ChIJ4fDeyAShTAkRSt4J6i3z3DE,2021-01-26,-62,,-48,-76,-55,
CV,Cape Verde,Sal,,,CV-SL,,ChIJ4fDeyAShTAkRSt4J6i3z3DE,2021-01-27,-62,,-42,-72,-54,
CV,Cape Verde,Sal,,,CV-SL,,ChIJ4fDeyAShTAkRSt4J6i3z3DE,2021-01-28,-61,,-44,-72,-56,
CV,Cape Verde,Sal,,,CV-SL,,ChIJ4fDeyAShTAkRSt4J6i3z3DE,2021-01-29,-58,,-42,-73,-53,
CV,Cape Verde,Sal,,,CV-SL,,ChIJ4fDeyAShTAkRSt4J6i3z3DE,2021-01-30,-61,,-38,-78,-57,
CV,Cape Verde,Sal,,,CV-SL,,ChIJ4fDeyAShTAkRSt4J6i3z3DE,2021-01-31,-63,,-36,-84,-58,
CV,Cape Verde,Sal,,,CV-SL,,ChIJ4fDeyAShTAkRSt4J6i3z3DE,2021-02-01,-59,,-40,-71,-52,
CV,Cape Verde,Sal,,,CV-SL,,ChIJ4fDeyAShTAkRSt4J6i3z3DE,2021-02-02,-57,,-39,-77,-54,
CV,Cape Verde,Sal,,,CV-SL,,ChIJ4fDeyAShTAkRSt4J6i3z3DE,2021-02-03,-58,,-33,-73,-55,
CV,Cape Verde,Sal,,,CV-SL,,ChIJ4fDeyAShTAkRSt4J6i3z3DE,2021-02-04,-58,,-34,-68,-55,
CV,Cape Verde,Sal,,,CV-SL,,ChIJ4fDeyAShTAkRSt4J6i3z3DE,2021-02-05,-57,,-33,-69,-53,
CV,Cape Verde,Sal,,,CV-SL,,ChIJ4fDeyAShTAkRSt4J6i3z3DE,2021-02-06,-55,,-28,-79,-58,
CV,Cape Verde,Sal,,,CV-SL,,ChIJ4fDeyAShTAkRSt4J6i3z3DE,2021-02-07,,,-27,-82,-63,
CV,Cape Verde,Sal,,,CV-SL,,ChIJ4fDeyAShTAkRSt4J6i3z3DE,2021-02-08,-56,,-28,-70,-50,
CV,Cape Verde,Sal,,,CV-SL,,ChIJ4fDeyAShTAkRSt4J6i3z3DE,2021-02-09,-54,,-35,-74,-55,
CV,Cape Verde,Sal,,,CV-SL,,ChIJ4fDeyAShTAkRSt4J6i3z3DE,2021-02-10,-60,,-28,-68,-55,
CV,Cape Verde,Sal,,,CV-SL,,ChIJ4fDeyAShTAkRSt4J6i3z3DE,2021-02-11,-57,,-32,-73,-55,
CV,Cape Verde,Sal,,,CV-SL,,ChIJ4fDeyAShTAkRSt4J6i3z3DE,2021-02-12,-58,,-40,-68,-52,
CV,Cape Verde,Sal,,,CV-SL,,ChIJ4fDeyAShTAkRSt4J6i3z3DE,2021-02-13,-61,,-31,-82,-60,
CV,Cape Verde,Sal,,,CV-SL,,ChIJ4fDeyAShTAkRSt4J6i3z3DE,2021-02-14,,,-28,-87,-59,
CV,Cape Verde,Sal,,,CV-SL,,ChIJ4fDeyAShTAkRSt4J6i3z3DE,2021-02-15,-59,,-35,-70,-56,
CV,Cape Verde,Sal,,,CV-SL,,ChIJ4fDeyAShTAkRSt4J6i3z3DE,2021-02-16,-63,,-36,-84,-58,
CV,Cape Verde,Sal,,,CV-SL,,ChIJ4fDeyAShTAkRSt4J6i3z3DE,2021-02-17,-63,,-42,-80,-55,
CV,Cape Verde,Sal,,,CV-SL,,ChIJ4fDeyAShTAkRSt4J6i3z3DE,2021-02-18,-63,,-33,-72,-57,
CV,Cape Verde,Sal,,,CV-SL,,ChIJ4fDeyAShTAkRSt4J6i3z3DE,2021-02-19,-62,,-37,-67,-55,
CV,Cape Verde,Sal,,,CV-SL,,ChIJ4fDeyAShTAkRSt4J6i3z3DE,2021-02-20,-61,,-31,,-66,
CV,Cape Verde,Sal,,,CV-SL,,ChIJ4fDeyAShTAkRSt4J6i3z3DE,2021-02-21,-66,,-34,-88,-62,
CV,Cape Verde,Sal,,,CV-SL,,ChIJ4fDeyAShTAkRSt4J6i3z3DE,2021-02-22,-58,,-37,-74,-53,
CV,Cape Verde,Sal,,,CV-SL,,ChIJ4fDeyAShTAkRSt4J6i3z3DE,2021-02-23,-61,,-36,-82,-55,
CV,Cape Verde,Sal,,,CV-SL,,ChIJ4fDeyAShTAkRSt4J6i3z3DE,2021-02-24,-61,,-31,-76,-53,
CV,Cape Verde,Sal,,,CV-SL,,ChIJ4fDeyAShTAkRSt4J6i3z3DE,2021-02-25,-60,,-34,-77,-53,
CV,Cape Verde,Sal,,,CV-SL,,ChIJ4fDeyAShTAkRSt4J6i3z3DE,2021-02-26,-62,,-38,-75,-54,
CV,Cape Verde,Sal,,,CV-SL,,ChIJ4fDeyAShTAkRSt4J6i3z3DE,2021-02-27,-61,,-29,,-57,
CV,Cape Verde,Sal,,,CV-SL,,ChIJ4fDeyAShTAkRSt4J6i3z3DE,2021-02-28,,,-33,,-57,
CV,Cape Verde,Sal,,,CV-SL,,ChIJ4fDeyAShTAkRSt4J6i3z3DE,2021-03-01,-61,,-31,-74,-52,
CV,Cape Verde,Sal,,,CV-SL,,ChIJ4fDeyAShTAkRSt4J6i3z3DE,2021-03-02,-61,,-28,-79,-50,
CV,Cape Verde,Sal,,,CV-SL,,ChIJ4fDeyAShTAkRSt4J6i3z3DE,2021-03-03,-64,,-30,-79,-53,
CV,Cape Verde,Sal,,,CV-SL,,ChIJ4fDeyAShTAkRSt4J6i3z3DE,2021-03-04,-63,,-28,-79,-57,
CV,Cape Verde,Sal,,,CV-SL,,ChIJ4fDeyAShTAkRSt4J6i3z3DE,2021-03-05,-63,,-32,-72,-52,
CV,Cape Verde,Sal,,,CV-SL,,ChIJ4fDeyAShTAkRSt4J6i3z3DE,2021-03-06,-63,,-30,-86,-59,
CV,Cape Verde,Sal,,,CV-SL,,ChIJ4fDeyAShTAkRSt4J6i3z3DE,2021-03-07,,,-32,-87,-59,
CV,Cape Verde,Sal,,,CV-SL,,ChIJ4fDeyAShTAkRSt4J6i3z3DE,2021-03-08,-57,,-29,-76,-52,
CV,Cape Verde,Sal,,,CV-SL,,ChIJ4fDeyAShTAkRSt4J6i3z3DE,2021-03-09,-62,,-34,-79,-54,
CV,Cape Verde,Sal,,,CV-SL,,ChIJ4fDeyAShTAkRSt4J6i3z3DE,2021-03-10,-63,,-32,-76,-54,
CV,Cape Verde,Sal,,,CV-SL,,ChIJ4fDeyAShTAkRSt4J6i3z3DE,2021-03-11,-63,,-32,-80,-57,
CV,Cape Verde,Sal,,,CV-SL,,ChIJ4fDeyAShTAkRSt4J6i3z3DE,2021-03-12,-63,,-32,-74,-56,
CV,Cape Verde,Sal,,,CV-SL,,ChIJ4fDeyAShTAkRSt4J6i3z3DE,2021-03-13,-62,,-29,,-62,
CV,Cape Verde,Sal,,,CV-SL,,ChIJ4fDeyAShTAkRSt4J6i3z3DE,2021-03-14,,,-22,-83,-61,
CV,Cape Verde,Sal,,,CV-SL,,ChIJ4fDeyAShTAkRSt4J6i3z3DE,2021-03-15,-62,,-23,-76,-51,
CV,Cape Verde,Sal,,,CV-SL,,ChIJ4fDeyAShTAkRSt4J6i3z3DE,2021-03-16,-64,,-29,-78,-54,
CV,Cape Verde,Sal,,,CV-SL,,ChIJ4fDeyAShTAkRSt4J6i3z3DE,2021-03-17,-63,,-24,-74,-53,
CV,Cape Verde,Sal,,,CV-SL,,ChIJ4fDeyAShTAkRSt4J6i3z3DE,2021-03-18,-63,,-28,-67,-55,
CV,Cape Verde,Sal,,,CV-SL,,ChIJ4fDeyAShTAkRSt4J6i3z3DE,2021-03-19,-62,,-30,-76,-53,
CV,Cape Verde,Sal,,,CV-SL,,ChIJ4fDeyAShTAkRSt4J6i3z3DE,2021-03-20,-63,,-25,,-60,
CV,Cape Verde,Sal,,,CV-SL,,ChIJ4fDeyAShTAkRSt4J6i3z3DE,2021-03-21,,,-20,-76,-62,
CV,Cape Verde,Sal,,,CV-SL,,ChIJ4fDeyAShTAkRSt4J6i3z3DE,2021-03-22,-59,,-29,-78,-49,
CV,Cape Verde,Sal,,,CV-SL,,ChIJ4fDeyAShTAkRSt4J6i3z3DE,2021-03-23,-61,,-31,-82,-57,
CV,Cape Verde,Sal,,,CV-SL,,ChIJ4fDeyAShTAkRSt4J6i3z3DE,2021-03-24,-64,,-31,-78,-54,
CV,Cape Verde,Sal,,,CV-SL,,ChIJ4fDeyAShTAkRSt4J6i3z3DE,2021-03-25,-62,,-28,-75,-55,
CV,Cape Verde,Sal,,,CV-SL,,ChIJ4fDeyAShTAkRSt4J6i3z3DE,2021-03-26,-64,,-28,-76,-53,
CV,Cape Verde,Sal,,,CV-SL,,ChIJ4fDeyAShTAkRSt4J6i3z3DE,2021-03-27,-63,,-22,,-63,
CV,Cape Verde,Sal,,,CV-SL,,ChIJ4fDeyAShTAkRSt4J6i3z3DE,2021-03-28,,,-27,-73,-59,
CV,Cape Verde,Sal,,,CV-SL,,ChIJ4fDeyAShTAkRSt4J6i3z3DE,2021-03-29,-59,,-28,-78,-53,
CV,Cape Verde,Sal,,,CV-SL,,ChIJ4fDeyAShTAkRSt4J6i3z3DE,2021-03-30,-61,,-28,-81,-56,
CV,Cape Verde,Sal,,,CV-SL,,ChIJ4fDeyAShTAkRSt4J6i3z3DE,2021-03-31,-61,,-25,-79,-59,
CV,Cape Verde,Sal,,,CV-SL,,ChIJ4fDeyAShTAkRSt4J6i3z3DE,2021-04-01,-57,,-24,-76,-60,
CV,Cape Verde,Sal,,,CV-SL,,ChIJ4fDeyAShTAkRSt4J6i3z3DE,2021-04-02,-66,,-32,-80,-72,
CV,Cape Verde,Sal,,,CV-SL,,ChIJ4fDeyAShTAkRSt4J6i3z3DE,2021-04-03,-59,,-22,-84,-58,
CV,Cape Verde,Sal,,,CV-SL,,ChIJ4fDeyAShTAkRSt4J6i3z3DE,2021-04-04,-64,,-19,-76,-60,
CV,Cape Verde,Sal,,,CV-SL,,ChIJ4fDeyAShTAkRSt4J6i3z3DE,2021-04-05,-55,,-21,-77,-52,
CV,Cape Verde,Sal,,,CV-SL,,ChIJ4fDeyAShTAkRSt4J6i3z3DE,2021-04-06,-59,,-27,-83,-55,
CV,Cape Verde,Sal,,,CV-SL,,ChIJ4fDeyAShTAkRSt4J6i3z3DE,2021-04-07,-59,,-30,-79,-51,
CV,Cape Verde,Sal,,,CV-SL,,ChIJ4fDeyAShTAkRSt4J6i3z3DE,2021-04-08,-60,,-22,-73,-52,
CV,Cape Verde,Sal,,,CV-SL,,ChIJ4fDeyAShTAkRSt4J6i3z3DE,2021-04-09,-65,,-26,-72,-52,
CV,Cape Verde,Sal,,,CV-SL,,ChIJ4fDeyAShTAkRSt4J6i3z3DE,2021-04-10,-62,,-24,-84,-58,
CV,Cape Verde,Sal,,,CV-SL,,ChIJ4fDeyAShTAkRSt4J6i3z3DE,2021-04-11,,,-27,-81,-61,
CV,Cape Verde,Sal,,,CV-SL,,ChIJ4fDeyAShTAkRSt4J6i3z3DE,2021-04-12,-61,,-24,-81,-49,
CV,Cape Verde,Sal,,,CV-SL,,ChIJ4fDeyAShTAkRSt4J6i3z3DE,2021-04-13,-62,,-29,-82,-55,
CV,Cape Verde,Sal,,,CV-SL,,ChIJ4fDeyAShTAkRSt4J6i3z3DE,2021-04-14,-60,,-26,-76,-53,
CV,Cape Verde,Sal,,,CV-SL,,ChIJ4fDeyAShTAkRSt4J6i3z3DE,2021-04-15,-62,,-25,-69,-53,
CV,Cape Verde,Sal,,,CV-SL,,ChIJ4fDeyAShTAkRSt4J6i3z3DE,2021-04-16,-61,,-26,-76,-52,
CV,Cape Verde,Sal,,,CV-SL,,ChIJ4fDeyAShTAkRSt4J6i3z3DE,2021-04-17,-64,,-27,-84,-63,
CV,Cape Verde,Sal,,,CV-SL,,ChIJ4fDeyAShTAkRSt4J6i3z3DE,2021-04-18,-59,,-25,-75,-58,
CV,Cape Verde,Sal,,,CV-SL,,ChIJ4fDeyAShTAkRSt4J6i3z3DE,2021-04-19,-60,,-33,-78,-52,
CV,Cape Verde,Sal,,,CV-SL,,ChIJ4fDeyAShTAkRSt4J6i3z3DE,2021-04-20,-61,,-31,-80,-54,
CV,Cape Verde,Sal,,,CV-SL,,ChIJ4fDeyAShTAkRSt4J6i3z3DE,2021-04-21,-61,,-27,-82,-53,
CV,Cape Verde,Sal,,,CV-SL,,ChIJ4fDeyAShTAkRSt4J6i3z3DE,2021-04-22,-59,,-29,-73,-55,
CV,Cape Verde,Sal,,,CV-SL,,ChIJ4fDeyAShTAkRSt4J6i3z3DE,2021-04-23,-61,,-28,-77,-54,
CV,Cape Verde,Sal,,,CV-SL,,ChIJ4fDeyAShTAkRSt4J6i3z3DE,2021-04-24,-61,,-27,-82,-55,
CV,Cape Verde,Sal,,,CV-SL,,ChIJ4fDeyAShTAkRSt4J6i3z3DE,2021-04-25,,,-28,-79,-61,
CV,Cape Verde,São Vicente,,,CV-SV,,ChIJlz7KsgsfTwkRU9B_Jt9wTVc,2021-01-01,-33,,,,-74,
CV,Cape Verde,São Vicente,,,CV-SV,,ChIJlz7KsgsfTwkRU9B_Jt9wTVc,2021-01-02,,,,,-40,
CV,Cape Verde,São Vicente,,,CV-SV,,ChIJlz7KsgsfTwkRU9B_Jt9wTVc,2021-01-03,,,,,-23,
CV,Cape Verde,São Vicente,,,CV-SV,,ChIJlz7KsgsfTwkRU9B_Jt9wTVc,2021-01-04,,,,,-26,
CV,Cape Verde,São Vicente,,,CV-SV,,ChIJlz7KsgsfTwkRU9B_Jt9wTVc,2021-01-05,,,,,-23,
CV,Cape Verde,São Vicente,,,CV-SV,,ChIJlz7KsgsfTwkRU9B_Jt9wTVc,2021-01-06,,,,,-15,
CV,Cape Verde,São Vicente,,,CV-SV,,ChIJlz7KsgsfTwkRU9B_Jt9wTVc,2021-01-07,,,,,-10,
CV,Cape Verde,São Vicente,,,CV-SV,,ChIJlz7KsgsfTwkRU9B_Jt9wTVc,2021-01-08,,,,,-13,
CV,Cape Verde,São Vicente,,,CV-SV,,ChIJlz7KsgsfTwkRU9B_Jt9wTVc,2021-01-09,,,,,-20,
CV,Cape Verde,São Vicente,,,CV-SV,,ChIJlz7KsgsfTwkRU9B_Jt9wTVc,2021-01-10,,,,,-33,
CV,Cape Verde,São Vicente,,,CV-SV,,ChIJlz7KsgsfTwkRU9B_Jt9wTVc,2021-01-11,,,,,-10,
CV,Cape Verde,São Vicente,,,CV-SV,,ChIJlz7KsgsfTwkRU9B_Jt9wTVc,2021-01-12,,,,,-13,
CV,Cape Verde,São Vicente,,,CV-SV,,ChIJlz7KsgsfTwkRU9B_Jt9wTVc,2021-01-13,-42,,,,-69,
CV,Cape Verde,São Vicente,,,CV-SV,,ChIJlz7KsgsfTwkRU9B_Jt9wTVc,2021-01-14,,,,,-24,
CV,Cape Verde,São Vicente,,,CV-SV,,ChIJlz7KsgsfTwkRU9B_Jt9wTVc,2021-01-15,-28,,,,-25,
CV,Cape Verde,São Vicente,,,CV-SV,,ChIJlz7KsgsfTwkRU9B_Jt9wTVc,2021-01-16,,,,,-42,
CV,Cape Verde,São Vicente,,,CV-SV,,ChIJlz7KsgsfTwkRU9B_Jt9wTVc,2021-01-17,,,,,-40,
CV,Cape Verde,São Vicente,,,CV-SV,,ChIJlz7KsgsfTwkRU9B_Jt9wTVc,2021-01-18,,,,,-27,
CV,Cape Verde,São Vicente,,,CV-SV,,ChIJlz7KsgsfTwkRU9B_Jt9wTVc,2021-01-19,,,,,-27,
CV,Cape Verde,São Vicente,,,CV-SV,,ChIJlz7KsgsfTwkRU9B_Jt9wTVc,2021-01-20,-50,,,,-72,
CV,Cape Verde,São Vicente,,,CV-SV,,ChIJlz7KsgsfTwkRU9B_Jt9wTVc,2021-01-21,,,,,-31,
CV,Cape Verde,São Vicente,,,CV-SV,,ChIJlz7KsgsfTwkRU9B_Jt9wTVc,2021-01-22,-47,,,,-72,
CV,Cape Verde,São Vicente,,,CV-SV,,ChIJlz7KsgsfTwkRU9B_Jt9wTVc,2021-01-23,,,,,-37,
CV,Cape Verde,São Vicente,,,CV-SV,,ChIJlz7KsgsfTwkRU9B_Jt9wTVc,2021-01-24,,,,,-40,
CV,Cape Verde,São Vicente,,,CV-SV,,ChIJlz7KsgsfTwkRU9B_Jt9wTVc,2021-01-25,,,,,-24,
CV,Cape Verde,São Vicente,,,CV-SV,,ChIJlz7KsgsfTwkRU9B_Jt9wTVc,2021-01-26,,,,,-25,
CV,Cape Verde,São Vicente,,,CV-SV,,ChIJlz7KsgsfTwkRU9B_Jt9wTVc,2021-01-27,,,,,-23,
CV,Cape Verde,São Vicente,,,CV-SV,,ChIJlz7KsgsfTwkRU9B_Jt9wTVc,2021-01-28,,,,,-24,
CV,Cape Verde,São Vicente,,,CV-SV,,ChIJlz7KsgsfTwkRU9B_Jt9wTVc,2021-01-29,-24,,,,-23,
CV,Cape Verde,São Vicente,,,CV-SV,,ChIJlz7KsgsfTwkRU9B_Jt9wTVc,2021-01-30,,,,,-34,
CV,Cape Verde,São Vicente,,,CV-SV,,ChIJlz7KsgsfTwkRU9B_Jt9wTVc,2021-01-31,,,,,-39,
CV,Cape Verde,São Vicente,,,CV-SV,,ChIJlz7KsgsfTwkRU9B_Jt9wTVc,2021-02-01,,,,,-24,
CV,Cape Verde,São Vicente,,,CV-SV,,ChIJlz7KsgsfTwkRU9B_Jt9wTVc,2021-02-02,,,,,-29,
CV,Cape Verde,São Vicente,,,CV-SV,,ChIJlz7KsgsfTwkRU9B_Jt9wTVc,2021-02-03,,,,,-28,
CV,Cape Verde,São Vicente,,,CV-SV,,ChIJlz7KsgsfTwkRU9B_Jt9wTVc,2021-02-04,,,,,-27,
CV,Cape Verde,São Vicente,,,CV-SV,,ChIJlz7KsgsfTwkRU9B_Jt9wTVc,2021-02-05,-33,,,,-25,
CV,Cape Verde,São Vicente,,,CV-SV,,ChIJlz7KsgsfTwkRU9B_Jt9wTVc,2021-02-06,,,,,-37,
CV,Cape Verde,São Vicente,,,CV-SV,,ChIJlz7KsgsfTwkRU9B_Jt9wTVc,2021-02-07,,,,,-38,
CV,Cape Verde,São Vicente,,,CV-SV,,ChIJlz7KsgsfTwkRU9B_Jt9wTVc,2021-02-08,,,,,-25,
CV,Cape Verde,São Vicente,,,CV-SV,,ChIJlz7KsgsfTwkRU9B_Jt9wTVc,2021-02-09,,,,,-26,
CV,Cape Verde,São Vicente,,,CV-SV,,ChIJlz7KsgsfTwkRU9B_Jt9wTVc,2021-02-10,,,,,-27,
CV,Cape Verde,São Vicente,,,CV-SV,,ChIJlz7KsgsfTwkRU9B_Jt9wTVc,2021-02-11,-36,,,,-26,
CV,Cape Verde,São Vicente,,,CV-SV,,ChIJlz7KsgsfTwkRU9B_Jt9wTVc,2021-02-12,-33,,,,-26,
CV,Cape Verde,São Vicente,,,CV-SV,,ChIJlz7KsgsfTwkRU9B_Jt9wTVc,2021-02-13,,,,,-38,
CV,Cape Verde,São Vicente,,,CV-SV,,ChIJlz7KsgsfTwkRU9B_Jt9wTVc,2021-02-14,,,,,-41,
CV,Cape Verde,São Vicente,,,CV-SV,,ChIJlz7KsgsfTwkRU9B_Jt9wTVc,2021-02-15,,,,,-36,
CV,Cape Verde,São Vicente,,,CV-SV,,ChIJlz7KsgsfTwkRU9B_Jt9wTVc,2021-02-16,,,,,-37,
CV,Cape Verde,São Vicente,,,CV-SV,,ChIJlz7KsgsfTwkRU9B_Jt9wTVc,2021-02-17,-39,,,,-38,
CV,Cape Verde,São Vicente,,,CV-SV,,ChIJlz7KsgsfTwkRU9B_Jt9wTVc,2021-02-18,-38,,,,-27,
CV,Cape Verde,São Vicente,,,CV-SV,,ChIJlz7KsgsfTwkRU9B_Jt9wTVc,2021-02-19,-28,,,,-27,
CV,Cape Verde,São Vicente,,,CV-SV,,ChIJlz7KsgsfTwkRU9B_Jt9wTVc,2021-02-20,,,,,-35,
CV,Cape Verde,São Vicente,,,CV-SV,,ChIJlz7KsgsfTwkRU9B_Jt9wTVc,2021-02-21,,,,,-39,
CV,Cape Verde,São Vicente,,,CV-SV,,ChIJlz7KsgsfTwkRU9B_Jt9wTVc,2021-02-22,,,,,-28,
CV,Cape Verde,São Vicente,,,CV-SV,,ChIJlz7KsgsfTwkRU9B_Jt9wTVc,2021-02-23,-37,,,,-25,
CV,Cape Verde,São Vicente,,,CV-SV,,ChIJlz7KsgsfTwkRU9B_Jt9wTVc,2021-02-24,,,,,-26,
CV,Cape Verde,São Vicente,,,CV-SV,,ChIJlz7KsgsfTwkRU9B_Jt9wTVc,2021-02-25,-39,,,,-26,
CV,Cape Verde,São Vicente,,,CV-SV,,ChIJlz7KsgsfTwkRU9B_Jt9wTVc,2021-02-26,-27,,,,-26,
CV,Cape Verde,São Vicente,,,CV-SV,,ChIJlz7KsgsfTwkRU9B_Jt9wTVc,2021-02-27,,,,,-36,
CV,Cape Verde,São Vicente,,,CV-SV,,ChIJlz7KsgsfTwkRU9B_Jt9wTVc,2021-02-28,,,,,-33,
CV,Cape Verde,São Vicente,,,CV-SV,,ChIJlz7KsgsfTwkRU9B_Jt9wTVc,2021-03-01,,,,,-25,
CV,Cape Verde,São Vicente,,,CV-SV,,ChIJlz7KsgsfTwkRU9B_Jt9wTVc,2021-03-02,,,,,-23,
CV,Cape Verde,São Vicente,,,CV-SV,,ChIJlz7KsgsfTwkRU9B_Jt9wTVc,2021-03-03,,,,,-25,
CV,Cape Verde,São Vicente,,,CV-SV,,ChIJlz7KsgsfTwkRU9B_Jt9wTVc,2021-03-04,,,,,-25,
CV,Cape Verde,São Vicente,,,CV-SV,,ChIJlz7KsgsfTwkRU9B_Jt9wTVc,2021-03-05,-23,,,,-26,
CV,Cape Verde,São Vicente,,,CV-SV,,ChIJlz7KsgsfTwkRU9B_Jt9wTVc,2021-03-06,,,,,-35,
CV,Cape Verde,São Vicente,,,CV-SV,,ChIJlz7KsgsfTwkRU9B_Jt9wTVc,2021-03-07,,,,,-34,
CV,Cape Verde,São Vicente,,,CV-SV,,ChIJlz7KsgsfTwkRU9B_Jt9wTVc,2021-03-08,,,,,-21,
CV,Cape Verde,São Vicente,,,CV-SV,,ChIJlz7KsgsfTwkRU9B_Jt9wTVc,2021-03-09,,-17,,,-23,
CV,Cape Verde,São Vicente,,,CV-SV,,ChIJlz7KsgsfTwkRU9B_Jt9wTVc,2021-03-10,,,,,-21,
CV,Cape Verde,São Vicente,,,CV-SV,,ChIJlz7KsgsfTwkRU9B_Jt9wTVc,2021-03-11,,,,,-23,
CV,Cape Verde,São Vicente,,,CV-SV,,ChIJlz7KsgsfTwkRU9B_Jt9wTVc,2021-03-12,-30,,,,-23,
CV,Cape Verde,São Vicente,,,CV-SV,,ChIJlz7KsgsfTwkRU9B_Jt9wTVc,2021-03-13,,,,,-34,
CV,Cape Verde,São Vicente,,,CV-SV,,ChIJlz7KsgsfTwkRU9B_Jt9wTVc,2021-03-14,,,,,-36,
CV,Cape Verde,São Vicente,,,CV-SV,,ChIJlz7KsgsfTwkRU9B_Jt9wTVc,2021-03-15,,,,,-21,
CV,Cape Verde,São Vicente,,,CV-SV,,ChIJlz7KsgsfTwkRU9B_Jt9wTVc,2021-03-16,,,,,-20,
CV,Cape Verde,São Vicente,,,CV-SV,,ChIJlz7KsgsfTwkRU9B_Jt9wTVc,2021-03-17,,,,,-20,
CV,Cape Verde,São Vicente,,,CV-SV,,ChIJlz7KsgsfTwkRU9B_Jt9wTVc,2021-03-18,,,,,-19,
CV,Cape Verde,São Vicente,,,CV-SV,,ChIJlz7KsgsfTwkRU9B_Jt9wTVc,2021-03-19,-23,,,,-20,
CV,Cape Verde,São Vicente,,,CV-SV,,ChIJlz7KsgsfTwkRU9B_Jt9wTVc,2021-03-20,,,,,-32,
CV,Cape Verde,São Vicente,,,CV-SV,,ChIJlz7KsgsfTwkRU9B_Jt9wTVc,2021-03-21,,,,,-32,
CV,Cape Verde,São Vicente,,,CV-SV,,ChIJlz7KsgsfTwkRU9B_Jt9wTVc,2021-03-22,,,,,-14,
CV,Cape Verde,São Vicente,,,CV-SV,,ChIJlz7KsgsfTwkRU9B_Jt9wTVc,2021-03-23,,,,,-17,
CV,Cape Verde,São Vicente,,,CV-SV,,ChIJlz7KsgsfTwkRU9B_Jt9wTVc,2021-03-24,,,,,-15,
CV,Cape Verde,São Vicente,,,CV-SV,,ChIJlz7KsgsfTwkRU9B_Jt9wTVc,2021-03-25,,,,,-15,
CV,Cape Verde,São Vicente,,,CV-SV,,ChIJlz7KsgsfTwkRU9B_Jt9wTVc,2021-03-26,,,,,-20,
CV,Cape Verde,São Vicente,,,CV-SV,,ChIJlz7KsgsfTwkRU9B_Jt9wTVc,2021-03-27,,,,,-29,
CV,Cape Verde,São Vicente,,,CV-SV,,ChIJlz7KsgsfTwkRU9B_Jt9wTVc,2021-03-28,,,,,-39,
CV,Cape Verde,São Vicente,,,CV-SV,,ChIJlz7KsgsfTwkRU9B_Jt9wTVc,2021-03-29,,,,,-23,
CV,Cape Verde,São Vicente,,,CV-SV,,ChIJlz7KsgsfTwkRU9B_Jt9wTVc,2021-03-30,,,,,-27,
CV,Cape Verde,São Vicente,,,CV-SV,,ChIJlz7KsgsfTwkRU9B_Jt9wTVc,2021-03-31,,,,,-26,
CV,Cape Verde,São Vicente,,,CV-SV,,ChIJlz7KsgsfTwkRU9B_Jt9wTVc,2021-04-01,,,,,-31,
CV,Cape Verde,São Vicente,,,CV-SV,,ChIJlz7KsgsfTwkRU9B_Jt9wTVc,2021-04-02,-52,,,,-72,
CV,Cape Verde,São Vicente,,,CV-SV,,ChIJlz7KsgsfTwkRU9B_Jt9wTVc,2021-04-03,,,,,-37,
CV,Cape Verde,São Vicente,,,CV-SV,,ChIJlz7KsgsfTwkRU9B_Jt9wTVc,2021-04-04,,,,,-28,
CV,Cape Verde,São Vicente,,,CV-SV,,ChIJlz7KsgsfTwkRU9B_Jt9wTVc,2021-04-05,,,,,-24,
CV,Cape Verde,São Vicente,,,CV-SV,,ChIJlz7KsgsfTwkRU9B_Jt9wTVc,2021-04-06,,,,,-24,
CV,Cape Verde,São Vicente,,,CV-SV,,ChIJlz7KsgsfTwkRU9B_Jt9wTVc,2021-04-07,,,,,-16,
CV,Cape Verde,São Vicente,,,CV-SV,,ChIJlz7KsgsfTwkRU9B_Jt9wTVc,2021-04-08,,,,,-13,
CV,Cape Verde,São Vicente,,,CV-SV,,ChIJlz7KsgsfTwkRU9B_Jt9wTVc,2021-04-09,-23,,,,-16,
CV,Cape Verde,São Vicente,,,CV-SV,,ChIJlz7KsgsfTwkRU9B_Jt9wTVc,2021-04-10,,,,,-26,
CV,Cape Verde,São Vicente,,,CV-SV,,ChIJlz7KsgsfTwkRU9B_Jt9wTVc,2021-04-11,,,,,-36,
CV,Cape Verde,São Vicente,,,CV-SV,,ChIJlz7KsgsfTwkRU9B_Jt9wTVc,2021-04-12,,,,,-13,
CV,Cape Verde,São Vicente,,,CV-SV,,ChIJlz7KsgsfTwkRU9B_Jt9wTVc,2021-04-13,,,,,-15,
CV,Cape Verde,São Vicente,,,CV-SV,,ChIJlz7KsgsfTwkRU9B_Jt9wTVc,2021-04-14,,,,,-16,
CV,Cape Verde,São Vicente,,,CV-SV,,ChIJlz7KsgsfTwkRU9B_Jt9wTVc,2021-04-15,,,,,-18,
CV,Cape Verde,São Vicente,,,CV-SV,,ChIJlz7KsgsfTwkRU9B_Jt9wTVc,2021-04-16,-24,,,,-13,
CV,Cape Verde,São Vicente,,,CV-SV,,ChIJlz7KsgsfTwkRU9B_Jt9wTVc,2021-04-17,,,,,-29,
CV,Cape Verde,São Vicente,,,CV-SV,,ChIJlz7KsgsfTwkRU9B_Jt9wTVc,2021-04-18,,,,,-26,
CV,Cape Verde,São Vicente,,,CV-SV,,ChIJlz7KsgsfTwkRU9B_Jt9wTVc,2021-04-19,,,,,-23,
CV,Cape Verde,São Vicente,,,CV-SV,,ChIJlz7KsgsfTwkRU9B_Jt9wTVc,2021-04-20,,,,,-14,
CV,Cape Verde,São Vicente,,,CV-SV,,ChIJlz7KsgsfTwkRU9B_Jt9wTVc,2021-04-21,,,,,-15,
CV,Cape Verde,São Vicente,,,CV-SV,,ChIJlz7KsgsfTwkRU9B_Jt9wTVc,2021-04-22,,,,,-10,
CV,Cape Verde,São Vicente,,,CV-SV,,ChIJlz7KsgsfTwkRU9B_Jt9wTVc,2021-04-23,-25,,,,-30,
CV,Cape Verde,São Vicente,,,CV-SV,,ChIJlz7KsgsfTwkRU9B_Jt9wTVc,2021-04-24,,,,,-28,
CV,Cape Verde,São Vicente,,,CV-SV,,ChIJlz7KsgsfTwkRU9B_Jt9wTVc,2021-04-25,,,,,-32,
